Time (min),Temperature (C),Storage Modulus (MPa),Loss Modulus (MPa),Stress (MPa),Tan Delta,Frequency (Hz),Drive Force (N),Amplitude (µm),Strain (%),Displacement (µm),Static Force (N),Position (mm),Length (mm),Force (N),Stiffness (N/m),GCA Pressure (kPa gauge),,,,
10.12683,-10.05449,1847.494,62.79527,1.179827,0.03398942,1,2.854673,25.00259,0.06386094,13221.77,2.19E-07,13.22177,0,3.144779,125778.1,1.5169,,,,
11.10383,-10.05338,1852.284,60.5235,1.182787,0.03267508,1.3,2.862411,25.0005,0.0638556,13221.82,3.28E-06,13.22182,0,3.152668,126104.2,1.58585,,,,
12.30583,-10.06601,1857.321,58.812,1.185918,0.03166496,1.6,2.868992,24.9987,0.063851,13221.92,2.7E-06,13.22192,0,3.161013,126447.1,1.6548,,,,
12.68284,-10.06885,1862.652,57.11445,1.189413,0.03066297,2,2.87628,25.0006,0.06385588,13221.94,2.19E-06,13.22194,0,3.170328,126810.1,1.58585,,,,
12.9265,-10.07098,1867.623,55.68493,1.19258,0.02981594,2.5,2.882544,25.00047,0.06385552,13221.96,2.19E-06,13.22196,0,3.17877,127148.4,1.58585,,,,
13.9285,-10.05866,1872.999,54.27696,1.195982,0.02897864,3.2,2.889,24.99981,0.06385383,13222.03,1.82E-06,13.22203,0,3.187838,127514.5,1.6548,,,,
14.3055,-10.06211,1882.063,52.34714,1.201788,0.0278137,5,2.898536,25.00022,0.06385488,13222.05,1.53E-06,13.22205,0,3.203316,128131.5,1.72375,,,,
15.2825,-10.05818,1887.283,51.37876,1.20508,0.02722366,6.3,2.90151,24.99934,0.06385266,13222.12,1.02E-06,13.22212,0,3.21209,128487,1.72375,,,,
16.4845,-10.05184,1891.989,50.55606,1.208093,0.02672112,7.9,2.9024,24.9995,0.06385305,13222.22,2.19E-07,13.22222,0,3.22012,128807.4,1.72375,,,,
16.8615,-10.02882,1896.769,50.11102,1.21111,0.02641914,10,2.899735,24.99878,0.06385122,13222.24,0,13.22224,0,3.228162,129132.8,1.72375,,,,
17.38016,-10.03422,1901.181,49.76394,1.213974,0.02617529,12.6,2.89149,24.99974,0.06385367,13222.28,3.28E-06,13.22228,0,3.235795,129433.1,1.72375,,,,
17.99883,-10.03837,1905.374,49.63481,1.216679,0.0260499,15.8,2.875048,25.0003,0.06385509,13222.32,3.06E-06,13.22232,0,3.243004,129718.6,1.72375,,,,
18.25083,-10.04032,1908.951,49.32092,1.218955,0.02583666,19,2.852599,25.00015,0.0638547,13222.33,2.63E-06,13.22234,0,3.249072,129962.1,1.58585,,,,
18.40284,-10.02559,1913.028,49.809,1.221538,0.02603674,25,2.793717,24.99974,0.06385364,13222.34,2.63E-06,13.22234,0,3.255957,130239.6,1.58585,,,,
18.9215,-10.01146,1918.059,52.50719,1.224703,0.02737516,31.6,2.709806,24.99876,0.06385115,13222.36,2.41E-06,13.22236,0,3.264392,130582.2,1.58585,,,,
19.54017,-10.01193,1921.927,52.51849,1.227228,0.02732595,39.8,2.573307,24.99988,0.06385401,13222.39,2.19E-06,13.22239,0,3.271123,130845.5,1.58585,,,,
19.79216,-10.00353,1922.619,51.98872,1.227719,0.02704056,50,2.354284,25.00088,0.06385657,13222.39,2.19E-06,13.22239,0,3.272432,130892.7,1.58585,,,,
19.94416,-9.989999,1929.491,58.00865,1.232142,0.03006423,63,2.017348,25.0016,0.06385842,13222.41,2.19E-06,13.22241,0,3.284222,131360.5,1.58585,,,,
20.18766,-10.00444,1925.233,49.19896,1.229418,0.0255548,79.5,1.453388,25.00148,0.06385812,13222.42,2.04E-06,13.22241,0,3.27696,131070.6,1.58585,,,,
20.38316,-9.991412,1919.004,62.99994,1.225494,0.0328295,100,0.5729298,25.0026,0.06386098,13222.42,2.04E-06,13.22241,0,3.266504,130646.5,1.58585,,,,
32.25184,-5.086306,1770.852,68.65194,1.13083,0.03876773,1,2.747436,25.00141,0.06385792,13222.88,1.97E-06,13.22288,0,3.014178,120560.3,1.31005,,,,
33.22883,-5.086785,1776.261,66.02,1.134324,0.03716795,1.3,2.756125,25.0023,0.0638602,13222.94,1.46E-06,13.22294,0,3.023492,120928.5,1.44795,,,,
34.43083,-5.088334,1781.063,63.73451,1.13736,0.03578453,1.6,2.7624,25.00164,0.06385851,13223.03,8.02E-07,13.22303,0,3.031586,121255.5,1.58585,,,,
34.80784,-5.090502,1786.578,61.4902,1.140874,0.03441785,2,2.76978,25.00145,0.06385804,13223.07,4.38E-07,13.22307,0,3.04095,121631,1.6548,,,,
35.0515,-5.091977,1791.963,59.56944,1.14428,0.03324257,2.5,2.776618,25.00075,0.06385623,13223.09,2.19E-07,13.22309,0,3.050029,121997.5,1.58585,,,,
36.0535,-5.084522,1797.162,57.66479,1.147628,0.0320866,3.2,2.782908,25.00136,0.0638578,13223.19,2.92E-06,13.22319,0,3.058953,122351.4,1.72375,,,,
36.4305,-5.101648,1806.687,54.94014,1.153662,0.03040934,5,2.793052,25.00031,0.06385512,13223.22,2.63E-06,13.22323,0,3.075037,122999.9,1.72375,,,,
37.4075,-5.10065,1811.697,53.72253,1.156898,0.02965316,6.3,2.795879,25.0011,0.06385715,13223.32,2.04E-06,13.22332,0,3.083661,123341,1.86165,,,,
38.6095,-5.12504,1816.061,52.76461,1.159703,0.02905442,7.9,2.796339,25.0015,0.06385815,13223.45,9.48E-07,13.22345,0,3.091139,123638.2,1.9306,,,,
39.005,-5.106778,1820.714,51.99976,1.162593,0.0285601,10,2.79345,24.99976,0.0638537,13223.5,4.38E-07,13.2235,0,3.098842,123954.9,1.9306,,,,
39.60867,-5.101337,1825,51.42447,1.165345,0.02817779,12.6,2.784991,25.00008,0.0638545,13223.57,2.19E-06,13.22357,0,3.106177,124246.7,1.86165,,,,
40.3125,-5.065369,1829.028,50.99931,1.167948,0.0278833,15.8,2.768354,25.00075,0.06385625,13223.64,2.77E-06,13.22364,0,3.113116,124520.9,1.7927,,,,
40.583,-5.058828,1832.714,50.84814,1.170238,0.02774472,19,2.746011,24.99937,0.06385272,13223.67,2.63E-06,13.22367,0,3.119218,124771.9,1.7927,,,,
40.7535,-5.054016,1837.014,51.2523,1.173035,0.02789979,25,2.687669,25.00047,0.06385554,13223.69,2.41E-06,13.22369,0,3.126675,125064.6,1.6548,,,,
41.35717,-5.028446,1842,53.59293,1.176051,0.02909497,31.6,2.603435,24.9969,0.0638464,13223.73,2.19E-06,13.22373,0,3.134713,125404.1,1.6548,,,,
42.06116,-5.013329,1845.914,53.34042,1.178703,0.02889648,39.8,2.467275,25.00015,0.0638547,13223.76,1.9E-06,13.22376,0,3.141783,125670.6,1.58585,,,,
42.33166,-4.997697,1847.009,52.81031,1.17938,0.02859234,50,2.248774,24.99967,0.06385348,13223.76,1.75E-06,13.22377,0,3.143586,125745.1,1.5169,,,,
42.50217,-4.967912,1853.924,59.80883,1.183817,0.03226067,63,1.91205,25.00013,0.06385464,13223.78,1.53E-06,13.22378,0,3.155413,126215.9,1.58585,,,,
42.81766,-4.98971,1849.99,50.25208,1.181298,0.02716343,79.5,1.348642,25,0.06385432,13223.8,1.46E-06,13.2238,0,3.1487,125948,1.58585,,,,
43.034,-4.982457,1843.222,65.28846,1.177271,0.03542083,100,0.4698731,25.00624,0.06387024,13223.83,1.31E-06,13.22383,0,3.137964,125487.3,1.5169,,,,
54.32033,-0.1217382,1675.446,77.34851,1.069842,0.04616592,1,2.612449,24.99994,0.06385418,13225.08,1.75E-06,13.22508,0,2.851619,114065,1.03425,,,,
55.29734,-0.1476354,1683.62,73.67654,1.074997,0.0437608,1.3,2.625254,24.99844,0.06385033,13225.08,1.75E-06,13.22508,0,2.865358,114621.5,1.2411,,,,
56.49934,-0.1212403,1690.784,70.4104,1.079582,0.04164362,1.6,2.634912,24.99868,0.06385094,13225.1,1.75E-06,13.2251,0,2.877579,115109.3,1.44795,,,,
56.87634,-0.1155937,1697.577,67.42178,1.08402,0.03971648,2,2.644228,25.00101,0.0638569,13225.12,1.53E-06,13.22512,0,2.889409,115571.7,1.44795,,,,
57.12,-0.121871,1703.897,64.8707,1.088034,0.03807197,2.5,2.65239,25.00052,0.06385566,13225.14,1.31E-06,13.22514,0,2.90011,116001.9,1.5169,,,,
58.122,-0.1033225,1710.428,62.33926,1.092164,0.0364466,3.2,2.660472,24.99958,0.06385324,13225.22,8.02E-07,13.22522,0,2.911115,116446.6,1.6548,,,,
58.499,-0.1087638,1721.194,58.61824,1.09904,0.03405671,5,2.67251,24.99961,0.06385334,13225.26,4.38E-07,13.22526,0,2.929444,117179.6,1.72375,,,,
59.476,-0.1223641,1727.127,56.9404,1.102818,0.03296828,6.3,2.676538,24.99937,0.06385271,13225.35,2.19E-06,13.22535,0,2.939513,117583.5,1.7927,,,,
60.678,-0.1649506,1732.25,55.48186,1.106161,0.03202879,7.9,2.678208,25.00101,0.06385691,13225.5,2.04E-06,13.22551,0,2.948425,117932.2,2.2064,,,,
61.055,-0.1578701,1737.471,54.4384,1.109439,0.03133198,10,2.676193,24.99974,0.06385365,13225.56,1.53E-06,13.22556,0,2.957161,118287.7,2.13745,,,,
61.65883,-0.1479999,1742.201,53.65014,1.112485,0.03079445,12.6,2.668413,25.00032,0.06385512,13225.64,8.75E-07,13.22564,0,2.96528,118609.7,2.0685,,,,
62.36266,-0.1273275,1746.66,52.98938,1.115355,0.03033754,15.8,2.652402,25.00083,0.06385645,13225.74,1.46E-07,13.22574,0,2.972932,118913.3,1.99955,,,,
62.63316,-0.1015038,1750.513,52.67662,1.117778,0.0300921,19,2.630359,24.99998,0.0638543,13225.78,3.28E-06,13.22578,0,2.979388,119175.6,1.9306,,,,
62.80366,-0.09377453,1754.961,52.87579,1.120744,0.03012932,25,2.572436,25.00279,0.06386145,13225.79,3.28E-06,13.22579,0,2.987294,119478.4,1.86165,,,,
63.4075,-0.07007157,1760.31,54.7061,1.123978,0.03107753,31.6,2.488753,24.99875,0.06385113,13225.86,2.55E-06,13.22586,0,2.995915,119842.6,1.72375,,,,
64.1115,-0.03542297,1764.676,54.46036,1.126911,0.0308614,39.8,2.353281,25.00198,0.0638594,13225.92,2.12E-06,13.22592,0,3.003733,120139.8,1.6548,,,,
64.382,-6.82E-03,1766.034,54.24309,1.127745,0.03071463,50,2.135168,25.00124,0.0638575,13225.94,1.97E-06,13.22594,0,3.005956,120232.3,1.58585,,,,
64.5525,-5.29E-03,1773.602,61.36413,1.132533,0.03459859,63,1.799481,25.00025,0.06385496,13225.95,1.97E-06,13.22595,0,3.018718,120747.5,1.58585,,,,
64.868,0.01177054,1770.434,51.33331,1.130472,0.02899475,79.5,1.237206,24.9994,0.06385279,13225.96,1.75E-06,13.22596,0,3.013224,120531.8,1.58585,,,,
65.08533,0.009342522,1764.765,66.5989,1.127088,0.03773812,100,0.3637555,25.00465,0.0638662,13226.03,1.09E-06,13.22603,0,3.004205,120145.9,1.58585,,,,
77.037,4.905624,1584.899,86.6178,1.012092,0.05465192,1,2.48386,25.00161,0.06385844,13227.46,2.19E-07,13.22746,0,2.697688,107900.6,1.17215,,,,
78.014,4.934476,1593.512,82.19098,1.017623,0.05157852,1.3,2.49748,25.00238,0.06386041,13227.49,0,13.22749,0,2.71243,108486.9,1.2411,,,,
79.216,4.937122,1600.804,78.43222,1.022253,0.04899552,1.6,2.507206,25.00172,0.06385871,13227.55,3.14E-06,13.22755,0,2.72477,108983.3,1.44795,,,,
79.593,4.939498,1608.478,74.65787,1.027124,0.04641522,2,2.517562,25.001,0.06385687,13227.57,2.99E-06,13.22757,0,2.737754,109505.8,1.44795,,,,
79.83668,4.92825,1615.775,71.28491,1.031786,0.04411809,2.5,2.527193,25.00105,0.063857,13227.58,2.85E-06,13.22758,0,2.750181,110002.6,1.44795,,,,
80.83868,4.908662,1623.016,67.96821,1.036407,0.04187773,3.2,2.536355,25.001,0.06385688,13227.64,2.48E-06,13.22765,0,2.762499,110495.5,1.5169,,,,
81.21568,4.905059,1635.118,63.10033,1.044102,0.0385907,5,2.55031,25.00019,0.0638548,13227.68,1.97E-06,13.22768,0,2.783008,111319.5,1.58585,,,,
82.19266,4.910288,1641.365,60.72488,1.048128,0.03699658,6.3,2.55482,25.0011,0.06385713,13227.76,1.46E-06,13.22776,0,2.793742,111744.8,1.58585,,,,
83.39468,4.916359,1646.827,58.89582,1.051603,0.03576321,7.9,2.556805,25.00077,0.0638563,13227.86,8.02E-07,13.22786,0,2.803002,112116.6,1.6548,,,,
83.79016,4.917094,1652.338,57.31711,1.055124,0.0346885,10,2.555366,25.00082,0.06385642,13227.89,2.92E-07,13.22789,0,2.812386,112491.8,1.6548,,,,
84.39384,4.931782,1657.56,56.17751,1.05846,0.0338917,12.6,2.548294,25.00085,0.0638565,13227.92,1.46E-07,13.22792,0,2.821279,112847.3,1.58585,,,,
85.09766,4.932113,1662.415,55.12437,1.061547,0.03315922,15.8,2.532784,25.00055,0.06385572,13227.97,3.28E-06,13.22797,0,2.829508,113177.8,1.58585,,,,
85.36816,4.939183,1666.496,54.5426,1.064131,0.03272892,19,2.511118,25.00004,0.06385442,13227.99,3.06E-06,13.22799,0,2.836396,113455.6,1.58585,,,,
85.5385,4.95543,1671.48,54.33058,1.067246,0.03250447,25,2.453591,24.99844,0.06385034,13228,3.06E-06,13.228,0,2.844698,113795,1.58585,,,,
86.14234,4.949608,1677.25,56.28138,1.070955,0.03355575,31.6,2.371048,24.99903,0.06385186,13228.03,2.85E-06,13.22803,0,2.854585,114187.8,1.58585,,,,
86.84618,4.95676,1682.244,55.42912,1.07421,0.03294952,39.8,2.236373,25.00058,0.0638558,13228.07,2.33E-06,13.22808,0,2.863261,114527.8,1.5169,,,,
87.11668,4.949158,1684.146,55.19501,1.07539,0.03277328,50,2.019101,24.99976,0.0638537,13228.07,2.41E-06,13.22807,0,2.866406,114657.3,1.5169,,,,
87.30718,4.95127,1691.553,62.15803,1.080089,0.03674613,63,1.683318,24.99906,0.06385193,13228.08,2.19E-06,13.22808,0,2.878932,115161.6,1.58585,,,,
87.6225,4.965773,1689.02,52.1845,1.078495,0.03089631,79.5,1.122312,24.99959,0.06385328,13228.1,2.19E-06,13.2281,0,2.874682,114989.2,1.5169,,,,
87.84132,4.955208,1684.343,67.23804,1.076232,0.03991945,100,0.2575459,25.01642,0.06389627,13228.28,6.57E-07,13.22828,0,2.86865,114670.7,1.44795,,,,
99.837,9.891178,1485.878,96.81356,0.9488081,0.06515576,1,2.341692,25.00028,0.06385503,13229.87,2.19E-06,13.22987,0,2.529007,101159.2,1.1032,,,,
100.814,9.920657,1496.421,91.60131,0.9556218,0.06121359,1.3,2.35843,25.00241,0.06386048,13229.9,1.97E-06,13.2299,0,2.547169,101876.9,1.2411,,,,
102.016,9.935004,1505.371,87.29366,0.9612897,0.05798816,1.6,2.370471,25.00118,0.06385735,13229.94,1.46E-06,13.22994,0,2.562276,102486.2,1.31005,,,,
102.393,9.93741,1514.571,82.9967,0.9671649,0.0547988,2,2.383094,25.00118,0.06385735,13229.95,1.31E-06,13.22995,0,2.577936,103112.6,1.379,,,,
102.6367,9.940388,1523.278,78.92141,0.9726837,0.05181026,2.5,2.39464,25.00012,0.06385464,13229.96,1.31E-06,13.22996,0,2.592646,103705.3,1.379,,,,
103.6387,9.922538,1531.854,74.91734,0.9781806,0.04890632,3.2,2.405783,25.00066,0.063856,13230.01,1.02E-06,13.23001,0,2.607298,104289.2,1.44795,,,,
104.0157,9.910946,1546.004,68.52582,0.9872038,0.0443245,5,2.422808,25.00035,0.06385522,13230.02,8.75E-07,13.23002,0,2.63135,105252.5,1.5169,,,,
104.9927,9.913832,1553.259,65.50711,0.9918656,0.04217398,6.3,2.428665,25.00108,0.06385708,13230.08,5.84E-07,13.23008,0,2.643775,105746.4,1.44795,,,,
106.1947,9.918594,1559.579,62.9003,0.9958749,0.04033158,7.9,2.431848,25.0004,0.06385536,13230.14,2.19E-06,13.23014,0,2.654462,106176.8,1.5169,,,,
106.5902,9.924231,1565.755,60.76352,0.9998309,0.03880782,10,2.431392,25.00072,0.06385618,13230.17,3.06E-06,13.23017,0,2.665007,106597.2,1.44795,,,,
107.194,9.928937,1571.446,58.98278,1.003456,0.03753409,12.6,2.424969,25.0005,0.06385561,13230.19,3.06E-06,13.23019,0,2.674669,106984.6,1.44795,,,,
107.8978,9.934966,1576.821,57.47033,1.006869,0.03644696,15.8,2.410228,25.00001,0.06385435,13230.23,2.63E-06,13.23023,0,2.683765,107350.6,1.44795,,,,
108.1684,9.944321,1581.188,56.59319,1.009703,0.03579156,19,2.389142,25.00114,0.06385724,13230.24,2.63E-06,13.23024,0,2.69132,107647.9,1.44795,,,,
108.3388,9.947819,1586.743,55.67349,1.013223,0.03508665,25,2.332586,25.00048,0.06385556,13230.24,2.63E-06,13.23024,0,2.700703,108026,1.5169,,,,
108.9427,9.944098,1592.897,57.70124,1.01712,0.0362241,31.6,2.250524,24.99966,0.06385344,13230.27,2.41E-06,13.23027,0,2.711089,108445,1.5169,,,,
109.6465,9.959939,1598.161,56.4823,1.020481,0.03534207,39.8,2.116144,24.99966,0.06385346,13230.28,2.41E-06,13.23028,0,2.720049,108803.4,1.44795,,,,
109.917,9.979474,1600.237,56.19605,1.021817,0.03511734,50,1.899284,24.99991,0.0638541,13230.3,2.19E-06,13.2303,0,2.723608,108944.7,1.5169,,,,
110.1075,9.962452,1608.086,62.63993,1.026817,0.03895309,63,1.564376,24.99963,0.06385338,13230.3,2.19E-06,13.2303,0,2.736938,109479.2,1.44795,,,,
110.423,9.956711,1605.87,52.68554,1.025361,0.03280809,79.5,1.003955,24.99862,0.0638508,13230.32,2.04E-06,13.23032,0,2.733056,109328.3,1.44795,,,,
110.6434,9.960087,1602.095,67.6944,1.024013,0.04225368,100,0.1592368,25.02458,0.0639171,13230.61,3.06E-06,13.23061,0,2.729462,109071.2,1.44795,,,,
122.8287,14.87465,1382.797,106.539,0.8830176,0.077046,1,2.192592,25.0012,0.06385738,13232.48,2.19E-06,13.23248,0,2.353646,94141.32,1.17215,,,,
123.8057,14.89788,1395.986,101.2697,0.8914657,0.07254347,1.3,2.213383,25.00192,0.06385922,13232.49,2.19E-06,13.23249,0,2.376164,95039.26,1.17215,,,,
125.0077,14.92687,1406.925,96.75882,0.8984228,0.06877326,1.6,2.22834,25.00112,0.06385719,13232.5,1.97E-06,13.2325,0,2.394707,95783.99,1.2411,,,,
125.3847,14.92372,1418.023,91.99688,0.905521,0.06487687,2,2.243758,25.00144,0.063858,13232.51,1.97E-06,13.23251,0,2.413627,96539.54,1.2411,,,,
125.6282,14.93832,1428.43,87.37991,0.9121468,0.06117199,2.5,2.25782,25.00088,0.0638566,13232.51,1.97E-06,13.23251,0,2.431288,97248.09,1.2411,,,,
126.6302,14.92766,1439.021,82.63694,0.918911,0.05742579,3.2,2.271881,25.00092,0.06385668,13232.53,1.97E-06,13.23253,0,2.449318,97969.12,1.31005,,,,
127.0072,14.93432,1457.208,74.55179,0.9305139,0.05116074,5,2.292935,25.00065,0.06385598,13232.54,1.75E-06,13.23254,0,2.480245,99207.24,1.44795,,,,
127.9842,14.92687,1464.638,71.16114,0.9352514,0.04858618,6.3,2.300598,25.00045,0.06385548,13232.57,1.68E-06,13.23257,0,2.492872,99713.09,1.44795,,,,
129.1862,14.92293,1471.936,67.85778,0.9399275,0.04610103,7.9,2.305414,25.00087,0.06385654,13232.61,1.24E-06,13.23261,0,2.505337,100210,1.44795,,,,
129.5816,14.91984,1478.96,65.09107,0.9443882,0.04401137,10,2.306102,25.00022,0.06385488,13232.61,1.09E-06,13.23262,0,2.517226,100688.2,1.44795,,,,
130.1855,14.9304,1485.597,62.67696,0.9486084,0.04218974,12.6,2.301062,24.99975,0.06385369,13232.64,8.75E-07,13.23264,0,2.528475,101140,1.44795,,,,
130.8893,14.93658,1491.683,60.47762,0.9525234,0.04054321,15.8,2.287458,25.0005,0.0638556,13232.66,8.02E-07,13.23266,0,2.53891,101554.4,1.44795,,,,
131.1598,14.93326,1496.604,59.07847,0.9556375,0.03947502,19,2.267004,24.99977,0.06385374,13232.66,6.57E-07,13.23266,0,2.547211,101889.4,1.44795,,,,
131.3302,14.94675,1502.609,57.94169,0.9594856,0.03856072,25,2.211237,25.00013,0.06385464,13232.67,6.57E-07,13.23267,0,2.557468,102298.2,1.379,,,,
131.934,14.95471,1508.933,58.91846,0.9634457,0.03904645,31.6,2.129322,24.99811,0.0638495,13232.67,6.57E-07,13.23267,0,2.568024,102728.7,1.379,,,,
132.6378,14.95385,1514.647,57.3548,0.967167,0.03786678,39.8,1.995849,24.99999,0.0638543,13232.69,5.11E-07,13.2327,0,2.577942,103117.7,1.379,,,,
132.9283,14.94511,1517.239,56.78352,0.9688371,0.03742557,50,1.779824,25.00038,0.0638553,13232.72,3.65E-07,13.23272,0,2.582394,103294.2,1.31005,,,,
133.1186,14.95696,1525.126,62.30138,0.973842,0.04084998,63,1.445022,24.99956,0.0638532,13232.71,4.38E-07,13.23271,0,2.595734,103831.2,1.31005,,,,
133.4342,14.96345,1523.198,52.76142,0.972564,0.0346386,79.5,0.8853966,24.99837,0.06385016,13232.73,2.92E-07,13.23273,0,2.592328,103699.9,1.31005,,,,
133.708,14.98435,1519.517,67.40156,0.9726922,0.04435723,100,0.1087539,25.06223,0.06401325,13232.77,0,13.23277,0,2.59267,103449.3,1.379,,,,
145.7953,19.86165,1278.763,115.1094,0.8165806,0.09001625,1,2.040626,25.00108,0.0638571,13234.98,3.28E-06,13.23498,0,2.176561,87058.66,0.89635,,,,
146.7724,19.86865,1295.165,109.7836,0.8269978,0.08476422,1.3,2.064606,24.99937,0.06385271,13234.96,0,13.23496,0,2.204327,88175.32,1.1032,,,,
147.9744,19.89448,1307.098,105.6673,0.834649,0.08084122,1.6,2.082752,25.00032,0.06385516,13234.94,0,13.23495,0,2.224721,88987.69,1.2411,,,,
148.3513,19.90688,1320.014,100.9772,0.842893,0.07649702,2,2.100976,25.0002,0.06385484,13234.95,0,13.23495,0,2.246695,89867.07,1.2411,,,,
148.595,19.89672,1332.176,96.34664,0.8506861,0.07232272,2.5,2.117793,25.001,0.06385687,13234.94,0,13.23494,0,2.267468,90695.09,1.2411,,,,
149.597,19.92758,1344.576,91.40109,0.8586025,0.06797765,3.2,2.134553,25.00096,0.06385678,13234.93,2.19E-07,13.23493,0,2.288568,91539.22,1.2411,,,,
149.974,19.9272,1365.899,82.46337,0.8722389,0.06037295,5,2.160188,25.00153,0.06385822,13234.92,2.19E-07,13.23492,0,2.324915,92990.93,1.2411,,,,
150.951,19.94578,1374.719,78.47682,0.8778266,0.05708572,6.3,2.169902,25.00026,0.06385499,13234.93,2.19E-07,13.23493,0,2.33981,93591.4,1.2411,,,,
152.153,19.9414,1383.455,74.6563,0.8833619,0.05396367,7.9,2.176693,24.99904,0.0638519,13234.94,2.19E-07,13.23494,0,2.354564,94186.13,1.2411,,,,
152.5485,19.92236,1391.681,71.0575,0.8887078,0.05105878,10,2.179399,25.00168,0.0638586,13234.93,2.19E-07,13.23494,0,2.368812,94746.15,1.31005,,,,
153.1523,19.94216,1399.43,67.75447,0.8935694,0.04841574,12.6,2.175804,24.99924,0.06385237,13234.94,2.19E-07,13.23494,0,2.381771,95273.76,1.31005,,,,
153.8562,19.93568,1406.454,65.11694,0.8980882,0.04629868,15.8,2.163594,25.00019,0.0638548,13234.95,0,13.23495,0,2.393816,95751.91,1.2411,,,,
154.1266,19.93478,1411.968,63.06703,0.9015844,0.04466604,19,2.14399,24.99949,0.06385302,13234.94,1.46E-07,13.23494,0,2.403134,96127.34,1.2411,,,,
154.2972,19.94492,1418.679,61.00542,0.9059628,0.04300156,25,2.089459,25.00206,0.06385959,13234.94,1.46E-07,13.23494,0,2.414805,96584.22,1.31005,,,,
154.901,19.95401,1425.529,61.79405,0.910228,0.04334816,31.6,2.008306,24.99908,0.06385196,13234.94,7.3E-08,13.23495,0,2.426174,97050.54,1.31005,,,,
155.6048,19.95177,1432.203,59.32963,0.9144889,0.04142542,39.8,1.876164,24.99905,0.0638519,13234.96,0,13.23496,0,2.437531,97504.95,1.2411,,,,
155.8953,19.953,1435.437,58.14482,0.9166086,0.04050671,50,1.661185,25.00055,0.06385572,13234.99,3.28E-06,13.23499,0,2.443181,97725.11,1.2411,,,,
156.0858,19.94783,1443.545,63.08892,0.9217211,0.04370415,63,1.326847,24.99878,0.06385121,13234.96,0,13.23496,0,2.456808,98277.12,1.2411,,,,
156.4015,19.97332,1441.938,53.23708,0.920687,0.0369205,79.5,0.768172,24.99856,0.06385066,13234.97,1.09E-06,13.23497,0,2.454052,98167.71,1.2411,,,,
156.6577,19.97373,1440.911,66.3559,0.9196764,0.04605134,100,0.1584403,24.98892,0.06382603,13234.98,3.28E-06,13.23498,0,2.451358,98097.79,1.2411,,,,
168.9787,24.87931,1175.615,120.5578,0.7506886,0.1025486,1,1.888202,25.00025,0.06385496,13237.55,2.19E-07,13.23755,0,2.000928,80036.34,0.8274,,,,
169.9557,24.8774,1193.652,116.0656,0.7621988,0.09723566,1.3,1.914971,25,0.06385434,13237.53,3.65E-07,13.23753,0,2.031608,81264.31,1.1032,,,,
171.1576,24.89696,1207.886,112.2696,0.7713008,0.09294716,1.6,1.935401,25.00042,0.06385541,13237.49,8.75E-07,13.23749,0,2.055869,82233.37,1.1032,,,,
171.5347,24.90264,1222.406,107.9732,0.7805924,0.08832842,2,1.956092,25.00106,0.06385705,13237.48,8.75E-07,13.23748,0,2.080635,83221.87,1.17215,,,,
171.7784,24.90457,1236.215,103.6342,0.7893879,0.08383186,2.5,1.97542,25.00034,0.06385521,13237.48,8.75E-07,13.23748,0,2.10408,84162.01,1.2411,,,,
172.7803,24.92917,1250.486,98.73382,0.7985103,0.07895639,3.2,1.995035,25.00066,0.06385601,13237.44,1.09E-06,13.23744,0,2.128395,85133.54,1.17215,,,,
173.1574,24.93127,1274.255,89.8865,0.8136948,0.07054044,5,2.025704,25.00086,0.06385651,13237.43,1.31E-06,13.23743,0,2.168868,86751.75,1.2411,,,,
174.1344,24.93691,1284.601,85.57468,0.8202968,0.06661575,6.3,2.037905,25.0007,0.06385613,13237.42,1.31E-06,13.23742,0,2.186465,87456.14,1.17215,,,,
175.3363,24.94004,1294.752,81.3607,0.826775,0.06283886,7.9,2.046894,25.00061,0.06385588,13237.4,1.39E-06,13.2374,0,2.203733,88147.18,1.1032,,,,
175.7318,24.96025,1304.5,77.32618,0.832935,0.05927646,10,2.051494,24.99866,0.06385088,13237.39,1.53E-06,13.23739,0,2.220152,88810.88,1.17215,,,,
176.3355,24.95748,1313.421,73.49318,0.8386818,0.05595551,12.6,2.049943,25.00016,0.06385474,13237.39,1.53E-06,13.23739,0,2.23547,89418.22,1.17215,,,,
177.0395,24.95288,1321.535,69.98769,0.8438759,0.05295938,15.8,2.039276,25.00056,0.06385574,13237.4,1.53E-06,13.2374,0,2.249315,89970.61,1.2411,,,,
177.31,24.98072,1327.881,67.49416,0.8478797,0.05082846,19,2.020839,24.99912,0.06385208,13237.4,1.53E-06,13.2374,0,2.259987,90402.66,1.17215,,,,
177.4805,24.97304,1335.755,64.63126,0.8529851,0.04838558,25,1.968035,25.0014,0.06385791,13237.39,1.53E-06,13.23739,0,2.273595,90938.69,1.17215,,,,
178.0844,24.9587,1343.17,65.17202,0.8575824,0.04852106,31.6,1.887687,24.99739,0.06384766,13237.39,1.53E-06,13.23739,0,2.28585,91443.51,1.2411,,,,
178.8748,24.96802,1350.535,61.63765,0.8623169,0.04563944,39.8,1.756671,24.99832,0.06385003,13237.4,1.53E-06,13.2374,0,2.298469,91944.93,1.17215,,,,
179.1653,24.94361,1354.201,59.52162,0.8647128,0.04395332,50,1.542359,24.99992,0.0638541,13237.42,1.31E-06,13.23742,0,2.304855,92194.51,1.17215,,,,
179.3558,24.97002,1363.033,63.80299,0.8703331,0.04680958,63,1.20947,24.99936,0.0638527,13237.41,1.31E-06,13.23741,0,2.319836,92795.81,1.1032,,,,
179.6718,24.9652,1361.908,53.70508,0.8696191,0.03943372,79.5,0.652118,24.99948,0.06385301,13237.44,1.17E-06,13.23744,0,2.317932,92719.19,1.17215,,,,
179.93,24.98917,1361.812,66.42546,0.8694332,0.04877726,100,0.2563296,24.9959,0.06384385,13237.44,1.31E-06,13.23744,0,2.317437,92712.69,1.1032,,,,
191.3953,29.90525,1068.485,123.7899,0.682309,0.1158555,1,1.728254,25.00129,0.06385762,13240.36,2.41E-06,13.24036,0,1.818666,72742.88,0.75845,,,,
192.3723,29.88048,1087.852,120.135,0.6946353,0.1104332,1.3,1.757193,24.9998,0.06385382,13240.38,2.12E-06,13.24038,0,1.851521,74061.4,0.9653,,,,
193.5744,29.88133,1103.124,116.965,0.704356,0.1060306,1.6,1.779303,24.9987,0.063851,13240.35,2.41E-06,13.24035,0,1.87743,75101.14,1.03425,,,,
193.9514,29.87291,1118.924,113.3734,0.7145062,0.1013237,2,1.802254,25.00088,0.0638566,13240.34,2.63E-06,13.24034,0,1.904486,76176.74,1.1032,,,,
194.195,29.89563,1134.031,109.6883,0.724151,0.09672422,2.5,1.823786,25.0008,0.06385636,13240.32,2.63E-06,13.24032,0,1.930194,77205.28,1.1032,,,,
195.197,29.91067,1150.077,105.2445,0.7343628,0.09151081,3.2,1.846117,24.99962,0.06385334,13240.27,3.06E-06,13.24026,0,1.957412,78297.7,1.1032,,,,
195.574,29.91947,1176.869,96.93081,0.7515164,0.08236332,5,1.881634,25.00117,0.06385731,13240.25,3.28E-06,13.24025,0,2.003135,80121.66,1.1032,,,,
196.551,29.9381,1189.546,92.55509,0.7596184,0.0778071,6.3,1.896356,25.00139,0.06385786,13240.21,0,13.24021,0,2.02473,80984.72,1.1032,,,,
197.9216,29.96284,1200.504,88.43634,0.7665681,0.073666,7.9,1.90758,24.99982,0.06385386,13240.16,4.38E-07,13.24016,0,2.043255,81730.78,1.03425,,,,
198.3372,29.96582,1211.819,84.07801,0.7738162,0.06938166,10,1.914845,25.00057,0.06385578,13240.15,6.57E-07,13.24015,0,2.062574,82501.08,1.03425,,,,
199.0275,29.98408,1222.247,79.8598,0.780447,0.0653385,12.6,1.915371,24.99967,0.06385348,13240.15,6.57E-07,13.24015,0,2.080248,83211.04,0.9653,,,,
199.8182,29.99256,1231.739,76.09576,0.7865176,0.0617791,15.8,1.906778,24.99996,0.06385422,13240.14,6.57E-07,13.24014,0,2.096429,83857.28,0.89635,,,,
200.1087,30.00715,1239.012,73.07637,0.7912641,0.05897956,19,1.890056,25.0032,0.0638625,13240.14,6.57E-07,13.24014,0,2.109081,84352.41,0.8274,,,,
200.2992,29.98814,1248.49,69.41478,0.7971747,0.055599,25,1.8392,24.99875,0.06385112,13240.15,6.57E-07,13.24015,0,2.124835,84997.66,0.8274,,,,
200.9897,30.00441,1256.819,68.50412,0.8028001,0.05450597,31.6,1.761133,25.00832,0.06387558,13240.17,2.92E-07,13.24017,0,2.13983,85564.69,0.8274,,,,
201.7802,30.017,1264.877,64.98671,0.8076562,0.05137789,39.8,1.630536,24.9993,0.06385254,13240.2,0,13.2402,0,2.152773,86113.31,0.8274,,,,
202.0706,29.9941,1269.251,62.42315,0.810439,0.04918111,50,1.417297,24.999,0.06385178,13240.22,3.28E-06,13.24022,0,2.16019,86411.06,0.75845,,,,
202.2612,30.01412,1278.78,66.18687,0.8164936,0.05175781,63,1.085906,24.99807,0.06384939,13240.23,3.28E-06,13.24023,0,2.176328,87059.87,0.8274,,,,
202.5776,30.00296,1278.191,55.25576,0.8160992,0.04322967,79.5,0.5304907,24.99753,0.063848,13240.28,3.06E-06,13.24028,0,2.175278,87019.71,0.75845,,,,
202.8345,30.02005,1278.806,67.51849,0.8165216,0.05279807,100,0.3718536,24.99843,0.0638503,13240.29,2.85E-06,13.24029,0,2.176403,87061.61,0.6895,,,,
214.237,34.91577,962.3031,123.7136,0.6145325,0.12856,1,1.567706,25.00246,0.0638606,13243.18,8.75E-07,13.24318,0,1.63801,65513.96,0.6895,,,,
215.214,34.88496,981.9118,121.1659,0.6270306,0.123398,1.3,1.597331,25.0015,0.06385815,13243.24,5.11E-07,13.24324,0,1.671323,66848.92,0.89635,,,,
216.416,34.88618,997.4506,118.9403,0.636958,0.1192443,1.6,1.620275,25.00167,0.0638586,13243.25,2.19E-07,13.24325,0,1.697784,67906.82,0.89635,,,,
216.793,34.90017,1013.86,116.203,0.6474216,0.1146144,2,1.644266,25.00108,0.06385708,13243.24,4.38E-07,13.24324,0,1.725674,69024,0.9653,,,,
217.0365,34.90439,1029.763,113.3086,0.6575644,0.1100338,2.5,1.667256,25.00063,0.06385593,13243.24,4.38E-07,13.24324,0,1.75271,70106.63,0.9653,,,,
218.0385,34.92287,1046.603,109.7519,0.6683312,0.1048648,3.2,1.691192,25.00112,0.0638572,13243.2,6.57E-07,13.2432,0,1.781408,71253.13,0.9653,,,,
218.4155,34.91637,1075.704,102.5418,0.6869254,0.09532522,5,1.730487,25.00152,0.06385821,13243.19,8.75E-07,13.24319,0,1.83097,73234.36,0.9653,,,,
219.3925,34.96432,1089.497,98.59134,0.6957537,0.09049251,6.3,1.747084,25.00225,0.06386006,13243.17,8.75E-07,13.24317,0,1.854502,74173.39,0.89635,,,,
220.9333,34.98454,1101.972,94.66866,0.7036911,0.08590844,7.9,1.759688,25.00123,0.06385746,13243.16,1.02E-06,13.24316,0,1.875658,75022.65,0.8274,,,,
221.3488,34.9922,1114.726,90.53211,0.7118043,0.08121468,10,1.769052,25.00013,0.06385467,13243.16,1.02E-06,13.24316,0,1.897284,75890.96,0.8274,,,,
222.0394,34.99744,1125.732,86.44574,0.7188466,0.07679066,12.6,1.771725,25.00062,0.0638559,13243.17,8.75E-07,13.24316,0,1.916055,76640.29,0.75845,,,,
222.8298,35.00945,1136.372,82.59426,0.7256276,0.07268243,15.8,1.764931,25.00018,0.06385479,13243.18,8.75E-07,13.24318,0,1.934129,77364.62,0.6895,,,,
223.1203,35.01092,1144.89,79.5356,0.7310169,0.0694701,19,1.749798,24.99848,0.06385044,13243.17,8.75E-07,13.24317,0,1.948494,77944.51,0.6895,,,,
223.3108,35.01018,1155.88,75.47049,0.7380271,0.06529263,25,1.701611,24.99822,0.06384978,13243.17,8.75E-07,13.24317,0,1.96718,78692.78,0.6895,,,,
224.0012,35.00559,1165.951,74.13594,0.7445345,0.0635841,31.6,1.625797,25.00082,0.06385642,13243.18,8.75E-07,13.24318,0,1.984525,79378.39,0.6895,,,,
224.7917,35.00908,1174.424,69.883,0.7499414,0.05950406,39.8,1.496397,25.0007,0.06385613,13243.18,8.75E-07,13.24318,0,1.998937,79955.22,0.62055,,,,
225.0822,35.00442,1179.813,66.69753,0.7533829,0.0565323,50,1.284936,25.00072,0.06385615,13243.18,8.75E-07,13.24318,0,2.00811,80322.1,0.62055,,,,
225.2726,35.0266,1190.1,70.68782,0.760005,0.0593965,63,0.9556274,25.00244,0.06386057,13243.22,6.57E-07,13.24322,0,2.025761,81022.5,0.62055,,,,
225.5902,35.01938,1190.638,58.25138,0.760177,0.0489245,79.5,0.4042094,24.99682,0.0638462,13243.38,2.85E-06,13.24338,0,2.026219,81059.1,0.62055,,,,
225.8275,35.02932,1192.274,70.22525,0.7612244,0.05890028,100,0.497527,24.99692,0.06384646,13243.39,2.63E-06,13.24339,0,2.029011,81170.44,0.62055,,,,
237.2953,39.94252,855.0888,120.6238,0.546013,0.1410659,1,1.403136,25.00008,0.06385454,13246.35,0,13.24635,0,1.455374,58214.78,0.62055,,,,
238.2724,39.90975,874.3422,119.4152,0.558355,0.1365772,1.3,1.43282,25.00223,0.06386002,13246.43,2.99E-06,13.24643,0,1.488272,59525.56,0.6895,,,,
239.4744,39.91188,889.5754,117.989,0.5680625,0.1326352,1.6,1.455586,25.00133,0.06385772,13246.49,2.63E-06,13.24649,0,1.514146,60562.63,0.8274,,,,
239.8514,39.9014,906.1061,116.2225,0.5786021,0.1282659,2,1.48014,25.00062,0.0638559,13246.48,2.63E-06,13.24648,0,1.542239,61688.05,0.75845,,,,
240.0948,39.91025,922.2413,114.2143,0.5889139,0.1238442,2.5,1.503885,25.00098,0.06385681,13246.5,2.41E-06,13.2465,0,1.569725,62786.54,0.8274,,,,
241.0968,39.95274,939.2751,111.5799,0.599832,0.1187936,3.2,1.528531,25.00268,0.06386118,13246.52,2.41E-06,13.24652,0,1.598826,63946.21,0.75845,,,,
241.4738,39.9565,969.7059,105.9582,0.6192029,0.1092684,5,1.570218,25.00016,0.06385472,13246.51,2.41E-06,13.24651,0,1.650459,66017.94,0.75845,,,,
242.4508,39.96683,984.1825,102.6846,0.6285156,0.1043349,6.3,1.58822,25.00288,0.06386168,13246.51,2.41E-06,13.24651,0,1.675281,67003.52,0.6895,,,,
243.9917,39.99942,997.2494,99.26757,0.636862,0.09954136,7.9,1.601984,25.00295,0.06386186,13246.52,2.19E-06,13.24652,0,1.697528,67893.12,0.6895,,,,
244.4072,40.0122,1011.016,95.68681,0.6455575,0.09464422,10,1.612916,24.99924,0.06385238,13246.52,2.26E-06,13.24652,0,1.720706,68830.34,0.62055,,,,
245.0978,40.00604,1023.735,91.85999,0.6537294,0.08973022,12.6,1.617401,25.00116,0.06385728,13246.52,2.19E-06,13.24652,0,1.742488,69696.28,0.62055,,,,
245.8883,40.01601,1035.424,88.17395,0.6611986,0.08515734,15.8,1.612385,25.00134,0.06385776,13246.52,2.19E-06,13.24652,0,1.762396,70492.06,0.5516,,,,
246.1788,40.02387,1044.114,85.35506,0.6667376,0.08174878,19,1.59866,25.00096,0.06385678,13246.51,2.41E-06,13.24651,0,1.777161,71083.69,0.5516,,,,
246.3694,40.0233,1057.266,80.99575,0.6751013,0.07660866,25,1.552802,24.99968,0.0638535,13246.51,2.41E-06,13.24651,0,1.799454,71979.08,0.48265,,,,
247.0598,40.01279,1068.705,79.62445,0.682367,0.07450553,31.6,1.479096,24.99826,0.06384988,13246.51,2.41E-06,13.24651,0,1.81882,72757.86,0.48265,,,,
247.8503,40.01162,1077.55,75.3948,0.688116,0.0699687,39.8,1.351593,25.00194,0.06385928,13246.49,2.48E-06,13.24649,0,1.834144,73360.05,0.48265,,,,
248.1408,39.99676,1083.994,72.11504,0.6921932,0.06652716,50,1.1421,25.00058,0.06385582,13246.52,2.33E-06,13.24652,0,1.845011,73798.72,0.48265,,,,
248.3316,40.02306,1096.182,75.64892,0.6999745,0.0690113,63,0.8158672,25.00054,0.0638557,13246.5,2.41E-06,13.2465,0,1.865752,74628.48,0.48265,,,,
248.651,40.00678,1096.544,62.56202,0.700122,0.0570538,79.5,0.2724324,24.99754,0.06384802,13246.84,3.06E-06,13.24684,0,1.866145,74653.16,0.48265,,,,
248.8878,40.00238,1099.524,73.71972,0.7020255,0.06704697,100,0.6351898,24.99759,0.06384817,13246.86,3.06E-06,13.24686,0,1.871219,74855.98,0.48265,,,,
260.412,45.00518,746.2238,114.298,0.4765179,0.1531685,1,1.233803,25.00114,0.06385724,13249.77,8.76E-07,13.24977,0,1.270138,50803.2,0.48265,,,,
261.5576,44.96924,763.7801,113.9501,0.4878445,0.1491923,1.3,1.261401,25.00706,0.06387237,13249.87,1.17E-06,13.24987,0,1.300328,51998.44,0.5516,,,,
262.9284,44.92336,777.7408,113.2944,0.496725,0.1456711,1.6,1.282549,25.00522,0.06386766,13249.92,3.06E-06,13.24992,0,1.323999,52948.89,0.62055,,,,
263.3238,44.92447,793.5991,112.4771,0.5067694,0.1417304,2,1.306329,25.00108,0.0638571,13249.94,2.99E-06,13.24994,0,1.350772,54028.54,0.5516,,,,
263.5675,44.925,809.3782,111.4197,0.516867,0.1376609,2.5,1.329977,25.00213,0.06385976,13249.92,3.06E-06,13.24992,0,1.377686,55102.78,0.5516,,,,
264.5695,44.96042,825.93,109.7322,0.5274877,0.132859,3.2,1.354316,25.00453,0.0638659,13249.93,2.99E-06,13.24993,0,1.405996,56229.64,0.5516,,,,
264.9465,44.97333,856.3454,105.8808,0.5468184,0.1236426,5,1.396602,25.00022,0.0638549,13249.91,3.06E-06,13.24991,0,1.457521,58300.32,0.5516,,,,
265.9235,44.97608,870.8266,103.4635,0.556178,0.1188107,6.3,1.415059,25.0053,0.06386783,13249.89,3.28E-06,13.24989,0,1.482469,59286.2,0.48265,,,,
267.4644,44.99803,883.9758,100.8051,0.5645444,0.114036,7.9,1.429142,25.00388,0.06386424,13249.86,0,13.24986,0,1.504769,60181.41,0.48265,,,,
267.8798,45.00668,898.179,97.88204,0.57354,0.1089783,10,1.44106,25.00061,0.06385588,13249.86,0,13.24986,0,1.528746,61148.37,0.48265,,,,
268.5704,45.0124,911.6295,94.78265,0.5821543,0.1039706,12.6,1.446861,25.0017,0.06385865,13249.85,0,13.24985,0,1.551707,62064.09,0.4137,,,,
269.3608,45.00786,924.1062,91.58182,0.5901087,0.09910314,15.8,1.443216,25.00114,0.06385723,13249.82,2.19E-07,13.24982,0,1.572909,62913.5,0.4137,,,,
269.6514,45.0051,934.0563,89.01001,0.5964149,0.09529406,19,1.430734,24.99914,0.06385212,13249.81,5.11E-07,13.24981,0,1.589718,63590.91,0.4137,,,,
269.8418,44.99918,947.9059,85.47659,0.605106,0.09017413,25,1.386735,24.99286,0.06383609,13249.8,6.57E-07,13.2498,0,1.612884,64533.8,0.4137,,,,
270.5322,45.00424,960.2715,84.22191,0.6131721,0.08770637,31.6,1.315224,24.99989,0.06385405,13249.78,6.57E-07,13.24978,0,1.634384,65375.65,0.4137,,,,
271.3228,45.00796,970.7899,79.72424,0.6198879,0.08212305,39.8,1.189531,24.99986,0.06385398,13249.76,8.76E-07,13.24977,0,1.652284,66091.75,0.34475,,,,
271.6135,45.00436,977.9,76.45282,0.6244512,0.07818061,50,0.9825294,25.0008,0.06385636,13249.74,1.02E-06,13.24974,0,1.664448,66575.8,0.4137,,,,
271.805,44.99944,991.0812,79.93301,0.6328285,0.08065234,63,0.6600772,24.99922,0.06385232,13249.74,1.09E-06,13.24974,0,1.686777,67473.2,0.4137,,,,
272.126,45.01586,991.7694,66.84906,0.6333085,0.06740384,79.5,0.1478474,25.00082,0.06385644,13250.19,1.09E-06,13.25019,0,1.688056,67520.04,0.4137,,,,
272.361,45.02051,996.2348,77.43312,0.6361126,0.07772578,100,0.7909166,24.99896,0.06385168,13250.19,1.02E-06,13.25019,0,1.695531,67824.05,0.34475,,,,
283.887,49.95971,645.5355,105.3266,0.4122092,0.1631616,1,1.074695,25.00042,0.0638554,13252.77,1.31E-06,13.25277,0,1.098726,43948.3,0.2758,,,,
285.0326,49.96947,661.2378,105.819,0.4224218,0.1600316,1.3,1.09997,25.01142,0.0638835,13252.93,2.19E-07,13.25293,0,1.125947,45017.32,0.2758,,,,
286.4033,49.98906,673.3238,105.858,0.430116,0.1572172,1.6,1.118587,25.00986,0.06387951,13253.1,2.41E-06,13.2531,0,1.146456,45840.14,0.34475,,,,
286.7988,49.99022,687.9892,105.8476,0.43933,0.1538506,2,1.140744,25.00109,0.06385711,13253.14,1.75E-06,13.25315,0,1.171015,46838.56,0.34475,,,,
287.0776,49.99519,702.7816,105.6565,0.4487816,0.1503405,2.5,1.163236,25.0014,0.0638579,13253.16,1.75E-06,13.25316,0,1.196208,47845.64,0.2758,,,,
288.2483,49.9918,718.4384,104.88,0.458853,0.1459834,3.2,1.186668,25.0054,0.06386811,13253.26,1.09E-06,13.25326,0,1.223053,48911.56,0.34475,,,,
288.6438,49.9867,747.9255,102.8955,0.4776119,0.1375745,5,1.22835,25.00153,0.06385822,13253.28,8.76E-07,13.25328,0,1.273054,50919.05,0.34475,,,,
289.6208,49.99805,762.6752,101.4109,0.4870203,0.1329674,6.3,1.247296,25.00098,0.06385684,13253.34,2.92E-07,13.25334,0,1.298132,51923.22,0.34475,,,,
290.8228,49.99084,777.1856,99.57447,0.4962537,0.1281219,7.9,1.263806,24.99935,0.06385266,13253.36,0,13.25336,0,1.322743,52911.1,0.34475,,,,
291.2383,49.98872,791.8372,97.57718,0.5056224,0.1232288,10,1.276979,25.00001,0.06385435,13253.37,0,13.25337,0,1.347715,53908.58,0.4137,,,,
291.929,49.98344,806.016,95.27168,0.5146564,0.1182007,12.6,1.2841,24.99904,0.0638519,13253.39,2.19E-06,13.25339,0,1.371794,54873.88,0.34475,,,,
292.7195,49.97976,819.4416,92.86522,0.5232226,0.1133274,15.8,1.282232,24.99874,0.06385111,13253.36,0,13.25337,0,1.394627,55787.9,0.34475,,,,
293.01,49.98422,829.8703,90.73345,0.5299351,0.1093345,19,1.270941,25.00128,0.0638576,13253.36,0,13.25336,0,1.41252,56497.89,0.34475,,,,
293.2005,49.96431,844.4488,87.81153,0.539245,0.1039868,25,1.228743,25.0013,0.06385762,13253.35,2.19E-07,13.25335,0,1.437334,57490.4,0.34475,,,,
293.891,49.99096,857.8316,87.14126,0.5478006,0.1015832,31.6,1.158862,25.00174,0.06385876,13253.34,2.19E-07,13.25334,0,1.460139,58401.5,0.34475,,,,
294.6816,49.986,869.4472,83.03726,0.5552016,0.09550581,39.8,1.035261,25.00099,0.06385684,13253.34,2.19E-07,13.25334,0,1.479866,59192.3,0.2758,,,,
294.9726,49.99979,877.5129,79.84538,0.560312,0.09099054,50,0.830485,24.9992,0.06385229,13253.33,2.19E-07,13.25333,0,1.493487,59741.41,0.2758,,,,
295.1648,50.01171,891.2278,83.8648,0.5690864,0.0941003,63,0.5129969,24.99995,0.06385421,13253.34,2.19E-07,13.25334,0,1.516875,60675.12,0.2758,,,,
295.4788,50.01638,896.4364,70.2357,0.5728024,0.0783499,79.5,0.1357529,25.01699,0.06389773,13253.32,2.19E-07,13.25332,0,1.52678,61029.74,0.2758,,,,
295.6947,50.0156,902.0812,80.84312,0.5759864,0.08961845,100,0.9347741,24.99864,0.06385086,13253.34,2.19E-07,13.25334,0,1.535267,61414.02,0.2758,,,,
307.1204,54.95396,564.4734,96.19191,0.3604479,0.17041,1,0.9449726,25.0005,0.06385561,13256.46,3.28E-06,13.25647,0,0.9607584,38429.56,0.06895,,,,
308.266,54.95202,579.4481,97.27966,0.3701054,0.1678833,1.3,0.9691444,25.00694,0.06387205,13256.6,2.41E-06,13.2566,0,0.9864999,39449.05,0.1379,,,,
309.6367,54.97861,591.2626,97.81986,0.3776455,0.1654424,1.6,0.9876655,25.00654,0.06387102,13256.73,1.39E-06,13.25673,0,1.006598,40253.38,0.1379,,,,
310.0322,54.98383,604.9818,98.42452,0.3863264,0.1626901,2,1.008852,25.00125,0.06385753,13256.78,6.57E-07,13.25678,0,1.029736,41187.39,0.20685,,,,
310.311,54.98713,618.8232,98.83332,0.3951597,0.1597117,2.5,1.030151,25.0009,0.06385663,13256.8,6.57E-07,13.2568,0,1.053281,42129.72,0.20685,,,,
311.313,54.9954,633.8294,98.90629,0.4048122,0.1560456,3.2,1.052944,25.00524,0.0638677,13256.89,7.3E-08,13.25689,0,1.07901,43151.34,0.20685,,,,
311.69,54.99482,661.9858,98.33401,0.4227257,0.148544,5,1.093209,25.00113,0.06385722,13256.91,3.28E-06,13.25691,0,1.126757,45068.24,0.20685,,,,
312.667,54.98068,676.0609,97.56691,0.4317613,0.1443168,6.3,1.111582,25.0039,0.06386428,13256.96,2.99E-06,13.25697,0,1.150842,46026.48,0.20685,,,,
313.869,54.99124,689.7032,96.59439,0.4404539,0.1400521,7.9,1.127114,25.00276,0.06386137,13257.01,2.41E-06,13.25701,0,1.174011,46955.26,0.2758,,,,
314.2845,54.9952,704.004,95.30436,0.4495331,0.1353748,10,1.139882,24.99978,0.06385378,13257.02,2.26E-06,13.25702,0,1.198211,47928.87,0.20685,,,,
314.975,54.99928,717.7504,93.74953,0.4583284,0.1306158,12.6,1.146731,25.00075,0.06385625,13257.04,2.19E-06,13.25704,0,1.221655,48864.72,0.20685,,,,
315.7655,54.9998,730.9818,92.11429,0.4667632,0.1260145,15.8,1.144852,24.99999,0.0638543,13257.05,2.19E-06,13.25705,0,1.244137,49765.51,0.2758,,,,
316.056,54.99672,741.6322,90.65944,0.4735263,0.1222431,19,1.133956,24.998,0.06384921,13257.04,2.19E-06,13.25704,0,1.262164,50490.6,0.2758,,,,
316.2465,54.99109,756.4788,88.52824,0.4830214,0.1170267,25,1.092601,24.99881,0.06385128,13257.05,2.19E-06,13.25705,0,1.287473,51501.36,0.2758,,,,
316.937,54.99575,770.306,88.4737,0.4919302,0.1148553,31.6,1.024045,25.00288,0.06386166,13257.04,2.19E-06,13.25704,0,1.311219,52442.72,0.2758,,,,
317.7276,54.99643,782.794,84.72484,0.4998137,0.1082339,39.8,0.902166,24.99829,0.06384996,13257.06,2.12E-06,13.25706,0,1.332232,53292.92,0.2758,,,,
318.0187,54.99522,791.9093,82.18032,0.505464,0.1037749,50,0.6995288,24.9899,0.06382852,13257.06,2.12E-06,13.25706,0,1.347293,53913.49,0.2758,,,,
318.2112,54.99901,806.0139,86.34356,0.5147343,0.1071242,63,0.3898772,25.00289,0.06386171,13257.06,1.97E-06,13.25706,0,1.372002,54873.74,0.2758,,,,
318.6032,54.99468,812.547,72.93762,0.5187992,0.08976418,79.5,0.2263738,24.99772,0.0638485,13257.06,1.97E-06,13.25706,0,1.382837,55318.51,0.2758,,,,
318.8186,54.99783,819.8806,83.65175,0.5235224,0.1020292,100,1.061728,24.99968,0.0638535,13257.07,1.97E-06,13.25707,0,1.395427,55817.79,0.2758,,,,
331.387,59.99232,492.0561,87.02461,0.3142056,0.1768591,1,0.8278751,25.00052,0.06385564,13260.32,4.38E-07,13.26032,0,0.8375015,33499.37,0.06895,,,,
332.5326,59.99701,506.021,88.24008,0.3231462,0.1743803,1.3,0.8504078,25.00232,0.06386025,13260.39,7.3E-08,13.26039,0,0.8613325,34450.1,0.06895,,,,
333.9033,60.00301,517.4229,89.10009,0.3304253,0.1721997,1.6,0.8685078,25.00215,0.06385982,13260.45,3.06E-06,13.26046,0,0.8807345,35226.35,0.06895,,,,
334.2803,60.00239,530.0535,90.02256,0.3385051,0.1698368,2,0.8884606,25.00318,0.06386244,13260.48,2.92E-06,13.26048,0,0.9022708,36086.24,0.06895,,,,
334.524,60.00758,542.9136,90.88231,0.3466894,0.1673974,2.5,0.9084289,25.00113,0.06385722,13260.47,2.92E-06,13.26047,0,0.9240859,36961.76,0.06895,,,,
335.526,60.00342,557.3466,91.56514,0.3559012,0.1642876,3.2,0.9304524,25.0008,0.06385636,13260.51,2.55E-06,13.26051,0,0.9486392,37944.37,0.06895,,,,
335.903,60.00176,583.7674,92.20843,0.3728122,0.1579541,5,0.9688691,25.00346,0.06386316,13260.51,2.41E-06,13.26052,0,0.9937149,39743.1,0.06895,,,,
336.8798,59.99332,597.678,92.17019,0.381636,0.1542138,6.3,0.9870478,24.99953,0.06385312,13260.53,2.41E-06,13.26053,0,1.017234,40690.14,0.06895,,,,
338.0818,59.99361,611.3671,91.90401,0.3903536,0.1503254,7.9,1.002957,24.99803,0.06384928,13260.54,2.19E-06,13.26054,0,1.040471,41622.1,0.06895,,,,
338.4974,59.98836,625.3122,91.36742,0.3993079,0.1461149,10,1.015756,25.00119,0.06385737,13260.55,2.19E-06,13.26055,0,1.064338,42571.5,0.06895,,,,
339.188,59.97387,638.9116,90.55132,0.4079454,0.1417275,12.6,1.022532,24.99833,0.06385006,13260.56,2.19E-06,13.26056,0,1.087361,43497.34,0.06895,,,,
339.9785,59.97882,652.0705,89.52406,0.416363,0.137292,15.8,1.020901,24.99926,0.06385245,13260.57,1.97E-06,13.26058,0,1.109798,44393.2,0.06895,,,,
340.269,59.97885,662.5339,88.66892,0.4230168,0.133833,19,1.010008,24.99766,0.06384834,13260.58,1.97E-06,13.26058,0,1.127533,45105.56,0.1379,,,,
340.4595,59.97787,677.2939,87.15138,0.432505,0.1286759,25,0.9690022,25.00136,0.0638578,13260.58,1.97E-06,13.26058,0,1.152824,46110.42,0.06895,,,,
341.15,59.98709,691.1738,87.73785,0.4413022,0.1269404,31.6,0.9007499,24.99761,0.06384824,13260.56,2.19E-06,13.26056,0,1.176272,47055.38,0.06895,,,,
341.9406,59.98924,703.8526,84.83172,0.449425,0.1205248,39.8,0.780145,24.99915,0.06385214,13260.57,1.97E-06,13.26057,0,1.197923,47918.56,0.1379,,,,
342.232,59.99386,713.3362,82.48441,0.4554722,0.1156319,50,0.579842,24.9987,0.063851,13260.56,2.19E-06,13.26056,0,1.214042,48564.2,0.1379,,,,
342.425,59.99162,727.659,87.46504,0.4646188,0.1202006,63,0.2821593,24.99877,0.06385118,13260.6,1.97E-06,13.2606,0,1.238422,49539.3,0.06895,,,,
342.8153,59.99624,734.9325,74.47266,0.4692632,0.1013327,79.5,0.3348628,24.99878,0.0638512,13260.6,1.75E-06,13.2606,0,1.250801,50034.48,0.1379,,,,
343.0308,59.99941,743.4575,85.68688,0.4747218,0.1152546,100,1.181071,24.99958,0.06385326,13260.62,1.75E-06,13.26062,0,1.26535,50614.87,0.1379,,,,
355.687,64.996,428.705,78.32663,0.2737637,0.1827052,1,0.7245395,25.00155,0.06385828,13264.25,6.57E-07,13.26425,0,0.7297053,29186.4,0.06895,,,,
356.8326,64.99783,441.1988,79.56774,0.2817411,0.1803444,1.3,0.744772,25.00148,0.0638581,13264.32,2.19E-07,13.26432,0,0.7509688,30036.98,0.06895,,,,
358.0347,64.99765,451.5067,80.52003,0.2883159,0.1783363,1.6,0.7612595,25.00081,0.06385639,13264.39,3.06E-06,13.26439,0,0.7684936,30738.75,0.06895,,,,
358.4116,65.00227,462.8997,81.61474,0.2955822,0.1763119,2,0.7793626,25.00006,0.06385447,13264.41,2.85E-06,13.26441,0,0.7878616,31514.39,0.06895,,,,
358.6553,65.00102,474.4262,82.62718,0.3029497,0.1741623,2.5,0.7974811,25.00066,0.06385601,13264.41,2.85E-06,13.26441,0,0.8074994,32299.12,0.06895,,,,
359.6574,64.9982,487.5012,83.60505,0.311273,0.1714971,3.2,0.8175261,24.99859,0.06385072,13264.43,2.7E-06,13.26443,0,0.829685,33189.27,0.06895,,,,
360.0344,65.00251,511.6602,85.0193,0.3267035,0.1661636,5,0.8527462,24.99896,0.06385166,13264.44,2.63E-06,13.26444,0,0.8708141,34834.02,0.06895,,,,
361.0113,65.00015,524.4612,85.50649,0.3348532,0.1630368,6.3,0.8695496,24.99717,0.0638471,13264.46,2.63E-06,13.26446,0,0.8925369,35705.52,0.06895,,,,
362.2134,64.99978,537.2258,85.725,0.3430148,0.1595698,7.9,0.8843575,24.99803,0.06384928,13264.46,2.41E-06,13.26446,0,0.9142913,36574.54,0.06895,,,,
362.6289,64.99976,550.3721,85.82822,0.3514547,0.1559458,10,0.8961972,25.0013,0.06385766,13264.46,2.41E-06,13.26446,0,0.9367874,37469.54,0.06895,,,,
363.3194,65.00126,563.3324,85.66879,0.3596721,0.1520751,12.6,0.9022504,24.99722,0.06384724,13264.46,2.48E-06,13.26446,0,0.9586906,38351.88,0.06895,,,,
364.1098,64.9997,575.9915,85.35644,0.3677938,0.1481905,15.8,0.9002255,24.99989,0.06385403,13264.45,2.63E-06,13.26445,0,0.9803387,39213.72,0.06895,,,,
364.4004,65.00698,586.2532,84.86925,0.3743187,0.1447655,19,0.8892482,24.99804,0.06384932,13264.43,2.63E-06,13.26443,0,0.9977304,39912.34,0.06895,,,,
364.5908,65.003,600.6619,83.99585,0.383541,0.1398388,25,0.8480142,24.99951,0.06385307,13264.42,2.85E-06,13.26442,0,1.022312,40893.29,0.06895,,,,
365.2815,64.99988,614.572,85.52038,0.3923197,0.1391544,31.6,0.7804328,24.99293,0.06383627,13264.41,2.85E-06,13.26441,0,1.045711,41840.3,0.06895,,,,
366.0725,64.99832,627.33,83.3125,0.4005414,0.1328049,39.8,0.6609442,24.99776,0.06384861,13264.4,2.85E-06,13.2644,0,1.067626,42708.86,0.06895,,,,
366.3641,65.00194,636.933,81.4289,0.4067203,0.1278453,50,0.4633335,25.00068,0.06385606,13264.41,2.85E-06,13.26441,0,1.084096,43362.64,0.06895,,,,
366.559,64.99954,651.4771,86.61004,0.4160772,0.1329441,63,0.1924099,25.00486,0.06386674,13264.49,2.41E-06,13.26449,0,1.109036,44352.82,0.06895,,,,
366.913,65.00092,659.3649,74.5244,0.4210457,0.1130245,79.5,0.4480437,25.00076,0.06385626,13264.49,2.19E-06,13.26449,0,1.122279,44889.81,0.06895,,,,
367.1285,65.0005,667.9259,85.97259,0.4265028,0.1287158,100,1.299561,25.00018,0.0638548,13264.51,2.19E-06,13.26451,0,1.136825,45472.65,0.06895,,,,
380.0037,69.99966,372.4238,70.40766,0.2378166,0.1890526,1,0.6320518,25.00083,0.06385645,13268.66,5.84E-07,13.26866,0,0.6338899,25354.75,0.06895,,,,
381.1493,70.00324,383.87,71.58985,0.2451239,0.186495,1.3,0.650669,25.00064,0.06385598,13268.74,2.19E-06,13.26874,0,0.6533672,26134.02,0.06895,,,,
382.3513,69.9977,393.2322,72.48068,0.2510889,0.1843203,1.6,0.6657032,24.99932,0.06385258,13268.78,3.06E-06,13.26878,0,0.6692666,26771.4,0.06895,,,,
382.7283,69.99355,403.4578,73.49981,0.257636,0.1821747,2,0.6820924,25.00104,0.06385699,13268.79,3.06E-06,13.26879,0,0.6867176,27467.56,0.06895,,,,
382.972,69.99686,413.8104,74.54474,0.2642263,0.1801423,2.5,0.6983809,24.9991,0.06385204,13268.8,2.85E-06,13.2688,0,0.7042838,28172.36,0.06895,,,,
383.974,69.99545,425.6116,75.5895,0.2717378,0.1776021,3.2,0.7165405,24.99691,0.06384644,13268.82,2.85E-06,13.26882,0,0.7243054,28975.8,0.06895,,,,
384.351,70.00428,447.3284,77.4273,0.2856382,0.1730883,5,0.7482971,24.99998,0.06385428,13268.83,2.63E-06,13.26883,0,0.7613564,30454.29,0.06895,,,,
385.328,69.99038,459.0378,78.15356,0.293082,0.1702552,6.3,0.7635376,24.99715,0.06384704,13268.84,2.63E-06,13.26884,0,0.7811978,31251.47,0.06895,,,,
386.53,69.9977,470.741,78.79166,0.300559,0.167378,7.9,0.7768835,24.99756,0.06384809,13268.84,2.63E-06,13.26884,0,0.8011274,32048.22,0.06895,,,,
386.9455,70.00388,482.7932,79.3316,0.3082946,0.164318,10,0.7872259,25.00083,0.06385645,13268.84,2.63E-06,13.26884,0,0.821746,32868.75,0.06895,,,,
387.6362,69.99732,494.8443,79.60688,0.31595,0.1608726,12.6,0.7921411,24.99767,0.06384838,13268.84,2.63E-06,13.26884,0,0.8421512,33689.19,0.06895,,,,
388.4266,69.999,506.6605,79.82562,0.3235026,0.1575525,15.8,0.7889978,24.9983,0.06384998,13268.83,2.63E-06,13.26883,0,0.8622822,34493.64,0.06895,,,,
388.7172,69.99778,516.299,79.86152,0.3296188,0.1546808,19,0.7772928,24.99542,0.06384262,13268.83,2.63E-06,13.26883,0,0.8785848,35149.84,0.06895,,,,
388.9078,70.00186,529.773,79.56949,0.3384002,0.1501954,25,0.7353516,25.00866,0.06387645,13268.82,2.85E-06,13.26882,0,0.9019912,36067.15,0.06895,,,,
389.5985,70.00385,543.1434,81.85124,0.3467008,0.1506991,31.6,0.6673628,24.99138,0.06383229,13268.81,2.85E-06,13.26881,0,0.9241161,36977.4,0.06895,,,,
390.3897,70.0005,555.5291,80.00058,0.3547037,0.1440079,39.8,0.5483086,24.99819,0.0638497,13268.8,2.85E-06,13.2688,0,0.9454474,37820.63,0.06895,,,,
390.682,70.00168,564.8247,78.7925,0.3605803,0.139499,50,0.3540178,24.99413,0.06383934,13268.8,2.85E-06,13.2688,0,0.9611113,38453.48,0.06895,,,,
390.9112,69.99863,579.4056,84.34481,0.370323,0.1455713,63,0.1506174,25.02348,0.0639143,13268.78,3.06E-06,13.26878,0,0.9870801,39446.15,0.06895,,,,
391.2628,69.99718,587.3,72.68218,0.3750144,0.1237564,79.5,0.5580041,24.99986,0.06385398,13268.8,2.85E-06,13.2688,0,0.9995849,39983.61,0.06895,,,,
391.4783,69.99828,596.077,84.60314,0.3806234,0.1419332,100,1.412988,25.00016,0.06385474,13268.81,2.85E-06,13.26881,0,1.014535,40581.14,0.06895,,,,
404.587,74.99392,322.5323,63.07795,0.2060023,0.1955709,1,0.5496518,25.00625,0.06387029,13273.29,1.97E-06,13.27329,0,0.5490903,21958.12,0.06895,,,,
405.7326,74.99597,332.8538,64.2648,0.2125342,0.1930722,1.3,0.5663789,24.99914,0.06385212,13273.35,1.68E-06,13.27336,0,0.5665008,22660.82,0.06895,,,,
406.9347,74.99475,341.3198,65.09226,0.217929,0.1907075,1.6,0.5800332,24.99788,0.06384892,13273.42,9.49E-07,13.27342,0,0.5808804,23237.18,0.06895,,,,
407.3117,75,350.4733,66.01095,0.2238197,0.1883481,2,0.594828,25.00306,0.06386213,13273.44,8.76E-07,13.27344,0,0.5965818,23860.35,0.06895,,,,
407.5553,75.00051,359.7864,66.92425,0.2297346,0.1860111,2.5,0.609464,24.99951,0.06385307,13273.43,8.76E-07,13.27343,0,0.6123478,24494.4,0.06895,,,,
408.5574,75.00275,370.3506,67.8987,0.2364552,0.1833363,3.2,0.625716,24.99686,0.06384632,13273.46,6.57E-07,13.27346,0,0.6302612,25213.61,0.06895,,,,
408.9344,74.99682,389.8059,69.756,0.248872,0.1789506,5,0.6539426,24.99639,0.06384511,13273.46,6.57E-07,13.27346,0,0.6633575,26538.14,0.06895,,,,
409.9113,74.9981,400.2595,70.6332,0.255544,0.1764685,6.3,0.6674066,24.99619,0.06384459,13273.46,6.57E-07,13.27346,0,0.6811418,27249.82,0.06895,,,,
411.1133,74.99665,410.835,71.4222,0.2622967,0.1738464,7.9,0.6790932,24.99626,0.06384479,13273.47,5.84E-07,13.27347,0,0.6991406,27969.8,0.06895,,,,
411.5289,74.99766,421.7275,72.15644,0.269319,0.1710973,10,0.6878282,25.00258,0.0638609,13273.46,6.57E-07,13.27346,0,0.7178581,28711.37,0.06895,,,,
412.2194,74.9974,432.7067,72.78749,0.2762789,0.1682144,12.6,0.6912328,24.99791,0.063849,13273.46,6.57E-07,13.27346,0,0.7364094,29458.84,0.06895,,,,
413.0102,74.99706,443.5474,73.31712,0.2832106,0.1652972,15.8,0.6867681,24.9988,0.06385127,13273.46,6.57E-07,13.27346,0,0.7548858,30196.88,0.06895,,,,
413.3008,74.99356,452.4472,73.61852,0.288899,0.1627119,19,0.6742008,24.9993,0.06385255,13273.45,6.57E-07,13.27345,0,0.7700479,30802.78,0.06895,,,,
413.4916,74.99768,464.9637,74.09769,0.2968404,0.1593623,25,0.6307361,24.99503,0.06384163,13273.45,6.57E-07,13.27345,0,0.7912153,31654.9,0.06895,,,,
414.1826,74.99537,477.329,76.3789,0.3048108,0.1600131,31.6,0.5623292,25.00127,0.06385756,13273.44,6.57E-07,13.27345,0,0.8124599,32496.75,0.06895,,,,
414.9743,75.00007,489.1332,75.26216,0.3122384,0.1538684,39.8,0.4434108,24.99245,0.06383504,13273.44,6.57E-07,13.27344,0,0.8322582,33300.38,0.06895,,,,
415.2674,75.00164,497.6898,74.50625,0.3177903,0.1497042,50,0.2547773,24.99952,0.0638531,13273.48,4.38E-07,13.27348,0,0.8470564,33882.91,0.06895,,,,
415.4765,74.99708,511.8712,80.67974,0.326868,0.1576173,63,0.1803988,25.00122,0.06385745,13273.48,4.38E-07,13.27348,0,0.8712524,34848.39,0.06895,,,,
415.8277,74.9947,519.3869,69.38916,0.3316511,0.1335982,79.5,0.6634288,25.00002,0.06385437,13273.49,4.38E-07,13.2735,0,0.8840019,35360.06,0.06895,,,,
416.0432,74.99814,528.1045,81.68432,0.3372415,0.1546746,100,1.521086,25.00178,0.06385888,13273.51,2.19E-07,13.27351,0,0.8989028,35953.56,0.06895,,,,
429.387,79.99106,277.5609,56.3247,0.1772152,0.2029274,1,0.474675,24.99725,0.0638473,13278.56,1.97E-06,13.27856,0,0.4723594,18896.45,0.06895,,,,
430.5326,79.99606,286.9538,57.44219,0.1832274,0.2001792,1.3,0.4901319,24.99933,0.0638526,13278.62,1.53E-06,13.27862,0,0.4883848,19535.92,0.06895,,,,
431.7347,79.9981,294.598,58.23516,0.188097,0.1976767,1.6,0.5025074,24.9978,0.0638487,13278.66,1.24E-06,13.27867,0,0.5013645,20056.35,0.06895,,,,
432.1117,80.00074,302.827,59.0979,0.1933784,0.1951539,2,0.515809,25.00133,0.06385771,13278.67,1.17E-06,13.27867,0,0.5154419,20616.58,0.06895,,,,
432.3554,79.99844,311.211,59.90802,0.1986999,0.1924998,2.5,0.5289832,24.99727,0.06384735,13278.68,1.09E-06,13.27868,0,0.5296261,21187.36,0.06895,,,,
433.3574,79.99658,320.6656,60.81104,0.2047181,0.18964,3.2,0.5435217,24.99502,0.06384162,13278.7,8.03E-07,13.2787,0,0.5456674,21831.04,0.06895,,,,
433.7344,79.9975,337.975,62.40262,0.2158143,0.1846368,5,0.5684986,25.00031,0.06385512,13278.71,6.57E-07,13.27871,0,0.5752437,23009.47,0.06895,,,,
434.7113,79.9988,347.2746,63.27422,0.2217176,0.1822023,6.3,0.580112,24.99637,0.06384506,13278.72,6.57E-07,13.27872,0,0.5909789,23642.59,0.06895,,,,
436.2524,79.999,356.7447,64.12021,0.2277601,0.179737,7.9,0.5901218,24.99596,0.06384402,13278.71,6.57E-07,13.27871,0,0.6070849,24287.32,0.06895,,,,
436.668,79.9971,366.505,64.87368,0.234031,0.1770063,10,0.5970738,25.0002,0.06385482,13278.71,6.57E-07,13.27871,0,0.6237998,24951.8,0.06895,,,,
437.3587,79.99824,376.2916,65.63778,0.2402606,0.1744333,12.6,0.5987961,24.99815,0.0638496,13278.71,6.57E-07,13.27871,0,0.6404043,25618.08,0.06895,,,,
438.1496,79.99786,386.0748,66.31272,0.2464948,0.1717613,15.8,0.5927532,24.99689,0.06384638,13278.7,7.3E-07,13.2787,0,0.6570212,26284.12,0.06895,,,,
438.4403,79.99298,393.9634,66.80724,0.2515646,0.1695773,19,0.5788174,25.0002,0.06385482,13278.7,1.09E-06,13.2787,0,0.6705348,26821.18,0.06895,,,,
438.6312,80.00054,405.4898,67.51197,0.2589145,0.1664949,25,0.534204,24.9992,0.06385229,13278.69,1.09E-06,13.27869,0,0.6901255,27605.9,0.06895,,,,
439.3225,80.00269,416.6255,70.10124,0.266145,0.1682596,31.6,0.464609,25.0105,0.06388113,13278.68,1.09E-06,13.27868,0,0.7093982,28364.02,0.06895,,,,
440.1145,80.00131,427.5217,69.44256,0.2729396,0.1624305,39.8,0.3459652,24.9953,0.0638423,13278.68,1.09E-06,13.27868,0,0.727509,29105.84,0.06895,,,,
440.4083,79.9998,435.379,68.97441,0.2779776,0.1584238,50,0.1699088,24.99724,0.06384728,13278.7,6.57E-07,13.2787,0,0.7409372,29640.76,0.06895,,,,
440.621,80.00293,448.6714,75.67968,0.2865359,0.168675,63,0.2504338,25.00347,0.06386319,13278.7,6.57E-07,13.2787,0,0.763749,30545.72,0.06895,,,,
440.9365,79.99824,455.6269,64.67268,0.2909431,0.1419422,79.5,0.7636272,25.00048,0.06385556,13278.72,6.57E-07,13.27872,0,0.7754962,31019.25,0.06895,,,,
441.152,79.9971,463.8089,77.1855,0.2961584,0.1664166,100,1.623745,24.9997,0.06385356,13278.74,4.38E-07,13.27874,0,0.7893975,31576.28,0.06895,,,,
452.8787,84.99454,237.0763,49.81956,0.1513858,0.2101414,1,0.4069678,25.00038,0.0638553,13284.14,2.92E-06,13.28414,0,0.4035122,16140.24,0.06895,,,,
453.8556,85.0008,245.4558,50.94272,0.1567399,0.2075434,1.3,0.4208061,25.00092,0.06385665,13284.21,2.41E-06,13.28421,0,0.4177834,16710.73,0.06895,,,,
455.0576,84.99412,252.3084,51.76036,0.1610958,0.2051472,1.6,0.4319344,24.99782,0.06384877,13284.28,1.82E-06,13.28428,0,0.429394,17177.25,0.06895,,,,
455.4347,84.99545,259.7278,52.56112,0.1658542,0.20237,2,0.4439424,25.00103,0.06385696,13284.29,1.75E-06,13.28429,0,0.4420774,17682.37,0.06895,,,,
455.6783,84.99432,267.1756,53.33086,0.170608,0.1996097,2.5,0.4557238,25.00072,0.06385615,13284.3,1.53E-06,13.2843,0,0.4547485,18189.42,0.06895,,,,
456.6803,84.99689,275.656,54.13614,0.1759888,0.1963902,3.2,0.4686776,24.9958,0.0638436,13284.34,1.31E-06,13.28434,0,0.4690903,18766.77,0.06895,,,,
457.0574,84.99842,291.0621,55.57269,0.1858704,0.1909306,5,0.4906547,25.00196,0.06385934,13284.35,1.31E-06,13.28435,0,0.4954294,19815.62,0.06895,,,,
458.0344,85.00106,299.3595,56.32182,0.1911274,0.188141,6.3,0.5006676,24.99652,0.06384542,13284.35,1.31E-06,13.28435,0,0.5094418,20380.51,0.06895,,,,
459.5754,85.00242,307.7655,57.06155,0.1964835,0.1854059,7.9,0.5089864,24.99516,0.06384197,13284.34,1.31E-06,13.28434,0,0.5237183,20952.79,0.06895,,,,
459.991,85.00759,316.439,57.76928,0.2020455,0.1825605,10,0.5142187,24.9982,0.06384974,13284.32,1.53E-06,13.28432,0,0.5385437,21543.29,0.06895,,,,
460.682,85.00022,325.1201,58.5065,0.2075639,0.1799535,12.6,0.5142356,24.99527,0.06384224,13284.33,1.46E-06,13.28433,0,0.5532528,22134.3,0.06895,,,,
461.4728,84.99554,333.7843,59.25648,0.2131356,0.1775292,15.8,0.506655,24.99999,0.0638543,13284.32,1.53E-06,13.28432,0,0.5681038,22724.16,0.06895,,,,
461.7638,84.99838,340.9964,59.77251,0.2177036,0.1752878,19,0.4915935,24.9957,0.06384336,13284.31,1.53E-06,13.28431,0,0.5802796,23215.17,0.06895,,,,
461.955,84.99926,350.9053,60.60996,0.2240921,0.1727246,25,0.4448742,25.00267,0.06386114,13284.3,1.53E-06,13.2843,0,0.5973079,23889.76,0.06895,,,,
462.6467,85.00032,361.2536,63.5727,0.2307818,0.1759781,31.6,0.3748224,25.01146,0.0638836,13284.28,1.75E-06,13.28428,0,0.6151389,24594.28,0.06895,,,,
463.4394,85.00313,371.1391,62.8936,0.2369,0.1694609,39.8,0.2570744,24.99068,0.06383051,13284.26,1.97E-06,13.28426,0,0.6314468,25267.3,0.06895,,,,
463.7702,84.99996,378.1518,62.66292,0.241565,0.1657084,50,0.1154157,25.01023,0.06388044,13284.26,1.97E-06,13.28426,0,0.6438813,25744.72,0.06895,,,,
463.9824,84.99962,390.487,69.42453,0.2493217,0.1777896,63,0.3296196,24.99789,0.06384892,13284.26,1.9E-06,13.28426,0,0.6645562,26584.5,0.06895,,,,
464.2978,85.00265,396.577,58.9732,0.253231,0.1487055,79.5,0.8573706,24.99994,0.06385418,13284.28,1.75E-06,13.28428,0,0.6749762,26999.11,0.06895,,,,
464.5118,85.00226,404.0825,71.34602,0.2580206,0.176563,100,1.719804,24.99966,0.06385346,13284.31,1.53E-06,13.28431,0,0.6877429,27510.09,0.06895,,,,
478.1787,89.98397,201.1684,43.47911,0.1284636,0.2161329,1,0.3464456,25.00173,0.06385874,13290.72,2.85E-06,13.29073,0,0.3424142,13695.62,0.06895,,,,
479.3243,89.98795,208.6166,44.66354,0.133213,0.2140939,1.3,0.3588095,25.00043,0.06385542,13290.83,2.04E-06,13.29083,0,0.3550736,14202.7,0.06895,,,,
480.5263,90.00181,214.7056,45.55958,0.1370783,0.2121956,1.6,0.3687561,24.99626,0.06384478,13290.88,1.68E-06,13.29088,0,0.3653762,14617.24,0.06895,,,,
480.9033,90.0014,221.2879,46.45313,0.1413226,0.2099217,2,0.3795348,25.00367,0.0638637,13290.89,1.53E-06,13.29089,0,0.3766894,15065.36,0.06895,,,,
481.147,90.00281,227.9894,47.23337,0.1455767,0.2071735,2.5,0.3900894,24.99924,0.06385239,13290.9,1.53E-06,13.2909,0,0.3880284,15521.61,0.06895,,,,
482.149,90.00152,235.6,48.01813,0.1504166,0.2038121,3.2,0.4017141,24.99597,0.06384404,13290.92,1.31E-06,13.29092,0,0.400929,16039.74,0.06895,,,,
482.526,89.99879,249.3972,49.33413,0.1592475,0.1978135,5,0.4210773,24.99946,0.06385296,13290.93,1.31E-06,13.29093,0,0.4244674,16979.06,0.06895,,,,
483.503,90.00089,256.8298,49.94464,0.163968,0.1944659,6.3,0.4297424,24.99558,0.06384305,13290.92,1.31E-06,13.29092,0,0.4370496,17485.07,0.06895,,,,
485.0441,89.99478,264.3723,50.59812,0.168769,0.1913896,7.9,0.4366868,24.99347,0.06383764,13290.9,1.53E-06,13.2909,0,0.4498466,17998.57,0.06895,,,,
485.46,90.00126,272.0236,51.22973,0.1736633,0.1883283,10,0.4402719,24.99489,0.06384128,13290.89,1.53E-06,13.29089,0,0.4628922,18519.47,0.06895,,,,
486.1508,89.99426,279.7052,51.84328,0.1785815,0.1853497,12.6,0.4388081,24.99687,0.06384632,13290.88,1.53E-06,13.29088,0,0.4760014,19042.44,0.06895,,,,
486.9418,89.99701,287.3692,52.50141,0.1834587,0.1826967,15.8,0.4295479,24.99468,0.06384074,13290.87,1.75E-06,13.29087,0,0.4890012,19564.21,0.06895,,,,
487.2328,90.00324,293.5456,52.98709,0.1874768,0.1805072,19,0.413171,25.0047,0.06386632,13290.86,1.75E-06,13.29086,0,0.4997114,19984.7,0.06895,,,,
487.4242,90.00076,302.5754,53.78796,0.1931674,0.1777672,25,0.3650432,24.99481,0.06384106,13290.86,1.75E-06,13.29086,0,0.5148793,20599.45,0.06895,,,,
488.1162,90.0035,311.6336,57.11424,0.1988254,0.1832737,31.6,0.2937844,24.97913,0.06380102,13290.84,1.97E-06,13.29084,0,0.5299606,21216.13,0.06895,,,,
488.9097,90.00136,320.3534,56.15795,0.204477,0.1753,39.8,0.1789944,24.98992,0.06382859,13290.83,1.97E-06,13.29083,0,0.5450249,21809.78,0.06895,,,,
489.1802,89.9962,326.4649,56.06693,0.2083722,0.1717396,50,0.1186515,24.98924,0.06382685,13290.82,1.97E-06,13.29082,0,0.5554072,22225.85,0.06895,,,,
489.3902,90.00249,337.6234,62.94298,0.2155817,0.1864295,63,0.4076624,24.99938,0.06385273,13290.83,1.97E-06,13.29083,0,0.5746239,22985.53,0.06895,,,,
489.7056,89.99426,342.8456,52.60324,0.2189338,0.1534313,79.5,0.9435139,25.00138,0.06385784,13290.86,1.75E-06,13.29086,0,0.5835586,23341.06,0.06895,,,,
489.9012,89.99156,349.4137,64.92153,0.2231104,0.1858013,100,1.808274,24.99939,0.06385278,13290.87,1.68E-06,13.29088,0,0.5946911,23788.22,0.06895,,,,
503.7787,94.99121,168.9091,37.19723,0.1078651,0.2202204,1,0.2916558,25.00218,0.06385989,13298.13,2.19E-06,13.29813,0,0.28751,11499.4,0.06895,,,,
504.9244,94.99208,175.3785,38.52718,0.1119761,0.2196802,1.3,0.302478,24.99762,0.06384824,13298.24,2.41E-06,13.29824,0,0.2984675,11939.84,0.06895,,,,
506.1264,94.99413,180.711,39.51032,0.1153772,0.2186381,1.6,0.3113084,24.99683,0.06384623,13298.3,1.97E-06,13.2983,0,0.3075329,12302.88,0.06895,,,,
506.5033,94.99595,186.4903,40.49498,0.1190894,0.2171426,2,0.3207965,25.00152,0.06385822,13298.31,1.97E-06,13.29831,0,0.3174276,12696.33,0.06895,,,,
506.747,94.99134,192.4213,41.34754,0.1228568,0.2148802,2.5,0.3301733,24.99744,0.06384778,13298.32,1.75E-06,13.29832,0,0.3274694,13100.12,0.06895,,,,
507.749,94.99969,199.159,42.17813,0.1271414,0.2117812,3.2,0.3404404,24.99406,0.06383915,13298.36,1.39E-06,13.29836,0,0.33889,13558.82,0.06895,,,,
508.126,95.00266,211.4458,43.40824,0.1350194,0.2052925,5,0.3574267,25.0004,0.06385534,13298.37,1.31E-06,13.29837,0,0.3598884,14395.31,0.06895,,,,
509.103,95.00211,218.0504,44.05074,0.1392026,0.2020209,6.3,0.3647808,24.99426,0.06383967,13298.37,1.31E-06,13.29837,0,0.3710387,14844.96,0.06895,,,,
510.4737,94.99882,224.7228,44.5673,0.143458,0.1983212,7.9,0.370342,24.99352,0.06383778,13298.37,1.31E-06,13.29837,0,0.3823812,15299.22,0.06895,,,,
510.8897,94.99407,231.4801,45.04742,0.1478281,0.194606,10,0.3726007,25.00306,0.06386213,13298.36,1.31E-06,13.29836,0,0.3940295,15759.25,0.06895,,,,
511.5806,95.00288,238.2713,45.56859,0.1521297,0.1912467,12.6,0.3696106,24.99724,0.0638473,13298.34,1.68E-06,13.29834,0,0.4054952,16221.6,0.06895,,,,
512.3718,94.99238,245.014,46.12776,0.1564178,0.1882658,15.8,0.3589175,24.99453,0.06384037,13298.33,1.75E-06,13.29833,0,0.416925,16680.65,0.06895,,,,
512.6631,94.98453,250.531,46.537,0.1598951,0.1857535,19,0.3413003,24.98753,0.06382248,13298.32,1.75E-06,13.29832,0,0.4261934,17056.25,0.06895,,,,
512.8547,94.99058,258.1835,47.39653,0.1646718,0.183577,25,0.291355,24.97126,0.06378093,13298.33,1.82E-06,13.29833,0,0.4389256,17577.23,0.06895,,,,
513.5474,95.00981,266.56,50.301,0.169887,0.1887042,31.6,0.2203076,24.95254,0.0637331,13298.29,1.97E-06,13.29829,0,0.4528266,18147.51,0.06895,,,,
514.3417,95.00144,274.0545,49.5238,0.1749196,0.1807078,39.8,0.1142706,24.98913,0.06382656,13298.29,1.97E-06,13.29829,0,0.4662406,18657.74,0.06895,,,,
514.6544,95.00888,279.2142,49.2627,0.1783076,0.1764333,50,0.1655655,25.00241,0.06386048,13298.28,2.12E-06,13.29828,0,0.4752712,19009.01,0.06895,,,,
514.845,95.00897,289.3516,56.42649,0.1847824,0.1950101,63,0.4818756,25.00255,0.06386082,13298.28,2.04E-06,13.29828,0,0.4925294,19699.17,0.06895,,,,
515.1606,95.005,293.71,46.00878,0.1875491,0.156647,79.5,1.022878,25.00034,0.06385521,13298.3,1.97E-06,13.2983,0,0.4999039,19995.88,0.06895,,,,
515.356,95.00116,299.5657,58.27834,0.1912906,0.1945428,100,1.889558,25.00066,0.063856,13298.33,1.75E-06,13.29833,0,0.509877,20394.55,0.06895,,,,
527.062,99.98957,140.0737,31.07354,0.08944441,0.221837,1,0.2423115,25.00036,0.06385524,13306.75,8.76E-07,13.30675,0,0.2384102,9536.272,0.06895,,,,
528.2076,100.0038,145.4248,32.54092,0.09284926,0.2237646,1.3,0.2514098,24.99711,0.06384693,13306.86,1.46E-07,13.30686,0,0.2474858,9900.575,0.06895,,,,
529.4097,100.0032,149.9519,33.58228,0.09574097,0.2239537,1.6,0.2589886,24.99745,0.0638478,13306.95,2.85E-06,13.30695,0,0.2551934,10208.78,0.06895,,,,
529.7867,99.99412,154.9172,34.60582,0.09894886,0.2233826,2,0.2672356,25.00696,0.0638721,13306.96,2.63E-06,13.30696,0,0.263744,10546.82,0.06895,,,,
530.0303,99.99274,160.0378,35.572,0.1021944,0.2222725,2.5,0.275351,25.0008,0.06385637,13306.98,2.63E-06,13.30698,0,0.2723947,10895.44,0.06895,,,,
531.0324,99.99152,165.944,36.49556,0.1059395,0.219927,3.2,0.2843076,24.9946,0.06384051,13307.02,2.34E-06,13.30702,0,0.2823772,11297.53,0.06895,,,,
531.4094,99.99301,176.7522,37.83481,0.11284,0.2140556,5,0.2988982,24.99469,0.06384075,13307.03,2.19E-06,13.30703,0,0.30077,12033.36,0.06895,,,,
532.3863,99.99255,182.5397,38.38367,0.11653,0.2102757,6.3,0.3050021,24.99368,0.06383818,13307.05,2.04E-06,13.30705,0,0.3106058,12427.37,0.06895,,,,
533.9278,100.0022,188.4258,38.9072,0.1202992,0.2064856,7.9,0.3093684,24.99608,0.0638443,13307,2.41E-06,13.30701,0,0.3206522,12828.1,0.06895,,,,
534.344,99.99907,194.4083,39.33528,0.1241405,0.2023334,10,0.3103113,25.00048,0.06385554,13307,2.41E-06,13.307,0,0.3308911,13235.39,0.06895,,,,
535.0356,100.0002,200.3776,39.76422,0.1279256,0.1984464,12.6,0.3060417,24.99528,0.06384228,13307,2.41E-06,13.30701,0,0.3409802,13641.78,0.06895,,,,
535.8269,100.0046,206.2729,40.18764,0.1317012,0.1948275,15.8,0.2940879,24.99754,0.06384802,13306.99,2.41E-06,13.30698,0,0.351044,14043.14,0.06895,,,,
536.1186,100.0035,211.0615,40.41938,0.1347887,0.1915052,19,0.275509,25.00312,0.0638623,13306.96,2.63E-06,13.30696,0,0.3592736,14369.15,0.06895,,,,
536.3106,100.0044,217.4166,41.25981,0.1389043,0.189773,25,0.2242644,25.0134,0.06388856,13306.98,2.63E-06,13.30698,0,0.3702435,14801.81,0.06895,,,,
537.0041,99.99984,224.7898,43.93453,0.1436251,0.1954472,31.6,0.1541327,25.01517,0.06389307,13306.94,2.85E-06,13.30694,0,0.3828266,15303.78,0.06895,,,,
537.968,99.99699,231.7456,43.27004,0.1477793,0.1867135,39.8,0.07754426,24.96616,0.06376791,13306.89,3.28E-06,13.30689,0,0.3938994,15777.33,0.06895,,,,
538.2805,99.99796,236.0044,42.97088,0.1506762,0.1820766,50,0.2247112,24.99621,0.06384465,13306.9,3.28E-06,13.3069,0,0.4016209,16067.27,0.06895,,,,
538.471,99.99892,245.175,49.59978,0.1565493,0.2023035,63,0.5512212,24.99911,0.06385206,13306.91,3.14E-06,13.30691,0,0.4172754,16691.61,0.06895,,,,
538.7865,99.99592,248.5013,39.69795,0.1586878,0.1597495,79.5,1.096592,25.00142,0.06385794,13306.95,2.85E-06,13.30695,0,0.4229754,16918.06,0.06895,,,,
538.982,100.0019,253.3727,51.5657,0.1617961,0.2035172,100,1.965278,25.00103,0.06385696,13306.96,2.63E-06,13.30697,0,0.4312606,17249.71,0.06895,,,,
550.7037,104.9775,114.3471,25.37403,0.07302192,0.2219036,1,0.1981011,25.00218,0.0638599,13317.04,2.85E-06,13.31704,0,0.1946368,7784.792,0.06895,,,,
551.8492,104.9994,118.7944,26.85676,0.07584434,0.2260776,1.3,0.2057348,24.99636,0.06384502,13317.15,2.12E-06,13.31715,0,0.2021598,8087.571,0.06895,,,,
553.0512,105.0016,122.5642,27.9374,0.0782482,0.2279411,1.6,0.2121006,24.99543,0.06384265,13317.2,1.53E-06,13.3172,0,0.2085672,8344.214,0.06895,,,,
553.4282,105.0008,126.7827,29.01588,0.08094474,0.228863,2,0.2190794,24.99644,0.06384522,13317.22,1.31E-06,13.31723,0,0.2157547,8631.418,0.06895,,,,
553.6717,105.0004,131.0701,30.01491,0.08368631,0.228999,2.5,0.2259479,24.99773,0.06384854,13317.24,1.09E-06,13.31724,0,0.2230623,8923.301,0.06895,,,,
554.6736,104.9963,136.1462,30.99336,0.08691234,0.2276477,3.2,0.2336282,24.99342,0.06383752,13317.26,1.09E-06,13.31726,0,0.2316611,9268.884,0.06895,,,,
555.0507,104.9975,145.5272,32.40617,0.09290078,0.2226811,5,0.2459685,24.99337,0.0638374,13317.25,1.09E-06,13.31726,0,0.247623,9907.549,0.06895,,,,
556.0276,104.9925,150.5643,33.0215,0.09612086,0.2193182,6.3,0.2509283,24.99455,0.06384041,13317.28,9.49E-07,13.31728,0,0.256206,10250.48,0.06895,,,,
557.5693,104.9982,155.7782,33.55785,0.09944356,0.2154208,7.9,0.2541949,24.99308,0.06383664,13317.27,1.09E-06,13.31727,0,0.2650625,10605.44,0.06895,,,,
557.9856,104.9981,161.0362,33.99468,0.102811,0.2110996,10,0.2539792,24.99574,0.06384343,13317.26,9.49E-07,13.31727,0,0.2740383,10963.4,0.06895,,,,
558.6772,104.9961,166.2562,34.34694,0.1061434,0.2065904,12.6,0.2485904,24.99567,0.06384326,13317.29,8.76E-07,13.31729,0,0.2829206,11318.78,0.06895,,,,
559.4688,104.9964,171.3902,34.72545,0.109435,0.2026105,15.8,0.2354958,24.99884,0.06385137,13317.26,1.02E-06,13.31726,0,0.2916943,11668.31,0.06895,,,,
559.7608,105.0022,175.5385,35.12553,0.111987,0.2001016,19,0.2158827,24.97726,0.06379624,13317.26,1.09E-06,13.31726,0,0.2984964,11950.73,0.06895,,,,
559.9537,104.9979,181.3136,35.82425,0.1154206,0.1975818,25,0.1641262,24.92312,0.06365797,13317.24,1.09E-06,13.31724,0,0.3076485,12343.9,0.06895,,,,
560.6482,105.0003,187.5675,38.03749,0.1195625,0.2027936,31.6,0.09789844,24.9567,0.06374374,13317.24,1.24E-06,13.31724,0,0.3186888,12769.66,0.06895,,,,
561.5242,105.0034,193.601,37.36003,0.1237059,0.1929744,39.8,0.09082056,25.01684,0.06389734,13317.22,1.31E-06,13.31722,0,0.3297326,13180.43,0.06895,,,,
561.8344,104.9936,197.0483,36.93678,0.1258757,0.1874504,50,0.2835723,25.0103,0.06388064,13317.2,1.46E-06,13.3172,0,0.3355163,13415.12,0.06895,,,,
562.0249,104.998,205.273,43.61617,0.1310877,0.2124789,63,0.6152139,25.0023,0.06386019,13317.23,1.31E-06,13.31723,0,0.3494086,13975.06,0.06895,,,,
562.3388,105.0004,207.7198,33.55142,0.1326369,0.1615225,79.5,1.163424,24.99978,0.06385375,13317.25,1.09E-06,13.31725,0,0.353538,14141.64,0.06895,,,,
562.5344,104.9983,211.6476,45.04746,0.135136,0.2128418,100,2.033795,24.99813,0.06384956,13317.27,9.49E-07,13.31727,0,0.3601992,14409.05,0.06895,,,,
574.2703,109.9963,91.49891,20.36613,0.05843076,0.2225833,1,0.1587353,25.00204,0.06385952,13329.85,2.04E-06,13.32985,0,0.1557447,6229.28,0.06895,,,,
575.416,110.0008,95.08231,21.63994,0.06070593,0.2275917,1.3,0.1649037,24.9966,0.06384566,13330,1.02E-06,13.33,0,0.1618091,6473.24,0.06895,,,,
576.618,110.0016,98.17337,22.68233,0.06266541,0.2310436,1.6,0.17013,24.99102,0.06383139,13330.1,7.3E-08,13.33011,0,0.167032,6683.68,0.06895,,,,
576.995,109.9954,101.5813,23.76392,0.06487597,0.23394,2,0.1758886,25.0046,0.06386609,13330.12,3.28E-06,13.33012,0,0.1729241,6915.69,0.06895,,,,
577.2385,109.9973,105.1488,24.7082,0.06714024,0.2349832,2.5,0.1815312,24.99932,0.0638526,13330.15,3.14E-06,13.33015,0,0.1789594,7158.571,0.06895,,,,
578.2405,109.9962,109.4147,25.72999,0.06984584,0.2351603,3.2,0.1879198,24.99278,0.06383589,13330.17,3.07E-06,13.33017,0,0.1861711,7448.994,0.06895,,,,
578.6175,109.9989,117.2586,27.26765,0.07485498,0.232543,5,0.1978494,24.99343,0.06383754,13330.18,2.85E-06,13.33018,0,0.1995227,7983.007,0.06895,,,,
579.5943,109.9992,121.6574,27.8599,0.07766062,0.2290028,6.3,0.2017674,24.99263,0.0638355,13330.18,2.99E-06,13.33018,0,0.207001,8282.484,0.06895,,,,
581.1363,110.0069,126.1802,28.3777,0.08054912,0.2248983,7.9,0.2039502,24.99306,0.06383658,13330.11,2.19E-06,13.33011,0,0.2147002,8590.394,0.06895,,,,
581.5532,110.0121,130.7138,28.75278,0.08349647,0.2199676,10,0.2026759,25.00901,0.06387734,13330.08,1.46E-07,13.33008,0,0.2225562,8899.043,0.06895,,,,
582.2451,110.0064,135.2453,29.19218,0.086344,0.2158462,12.6,0.1961645,24.99539,0.06384254,13330.05,2.19E-07,13.33005,0,0.2301463,9207.55,0.06895,,,,
583.0374,109.9975,139.7907,29.5002,0.08922863,0.2110312,15.8,0.1821563,24.99055,0.06383019,13330.01,7.3E-07,13.33001,0,0.2378351,9517.003,0.06895,,,,
583.3299,109.999,143.3035,29.64512,0.09151547,0.2068695,19,0.1619162,25.00274,0.06386132,13329.98,1.09E-06,13.32998,0,0.2439306,9756.156,0.06895,,,,
583.5055,109.9997,148.1179,29.96832,0.09485053,0.2023275,25,0.1105585,25.0716,0.06403718,13329.97,9.49E-07,13.32998,0,0.25282,10083.92,0.06895,,,,
584.2856,109.9967,153.5405,32.70254,0.09827925,0.2129895,31.6,0.06010752,25.06042,0.06400866,13329.92,1.39E-06,13.32992,0,0.2619591,10453.1,0.06895,,,,
585.2509,109.9986,159.1318,31.9301,0.1016985,0.2006519,39.8,0.1318126,25.02114,0.06390832,13329.87,1.75E-06,13.32987,0,0.271073,10833.76,0.06895,,,,
585.5604,109.994,161.6384,31.37338,0.1031952,0.1940961,50,0.3391267,24.99565,0.06384321,13329.87,1.75E-06,13.32987,0,0.2750623,11004.41,0.06895,,,,
585.7509,109.9909,169.4756,37.69976,0.1081924,0.2224494,63,0.6729794,24.9942,0.0638395,13329.9,1.53E-06,13.3299,0,0.2883821,11537.96,0.06895,,,,
586.0297,109.9951,170.6128,27.8541,0.1089465,0.1632592,79.5,1.224654,25.00066,0.063856,13329.93,1.39E-06,13.32993,0,0.2903921,11615.38,0.06895,,,,
586.2251,109.9883,173.505,38.53643,0.1107941,0.2221056,100,2.097178,25.00082,0.0638564,13329.95,1.31E-06,13.32995,0,0.2953168,11812.29,0.06895,,,,
597.957,114.9854,70.56835,15.85101,0.04506075,0.2246192,1,0.1226039,24.9999,0.06385407,13348.41,8.03E-07,13.34841,0,0.1201075,4804.32,0.06895,,,,
599.1026,114.9783,73.44872,17.03282,0.0468837,0.2319008,1.3,0.1275886,24.99122,0.0638319,13348.63,2.7E-06,13.34863,0,0.1249665,5000.416,0.06895,,,,
600.3047,114.9948,75.93476,17.95966,0.04846711,0.2365144,1.6,0.13182,24.98942,0.0638273,13348.75,1.75E-06,13.34876,0,0.129187,5169.668,0.06895,,,,
600.6816,114.9857,78.65946,18.88575,0.0502493,0.2400951,2,0.136436,25.01087,0.06388209,13348.78,1.17E-06,13.34878,0,0.1339374,5355.166,0.06895,,,,
600.9254,114.9858,81.50747,19.7686,0.05204648,0.2425373,2.5,0.1408724,25.0002,0.06385484,13348.8,1.09E-06,13.3488,0,0.1387276,5549.06,0.06895,,,,
601.9273,114.9971,84.9597,20.71119,0.05422374,0.2437766,3.2,0.1458953,24.9877,0.0638229,13348.83,8.76E-07,13.34883,0,0.1445311,5784.089,0.06895,,,,
602.3043,114.9982,91.37898,22.09611,0.05836178,0.2418074,5,0.1535774,25.0053,0.06386783,13348.83,9.49E-07,13.34883,0,0.1555608,6221.116,0.06895,,,,
603.2813,114.9938,95.02106,22.71949,0.060652,0.2390996,6.3,0.1562135,24.9905,0.06383007,13348.83,8.76E-07,13.34883,0,0.1616653,6469.07,0.06895,,,,
604.4834,114.9958,98.73657,23.2236,0.0630206,0.2352077,7.9,0.157095,24.98931,0.06382702,13348.78,1.24E-06,13.34878,0,0.1679787,6722.024,0.06895,,,,
604.9007,114.9854,102.4728,23.60614,0.06541916,0.2303649,10,0.1544779,24.9946,0.06384051,13348.77,1.53E-06,13.34877,0,0.174372,6976.388,0.06895,,,,
605.5932,115.003,106.2207,23.9588,0.06782229,0.2255568,12.6,0.1468814,24.99846,0.06385038,13348.75,1.68E-06,13.34874,0,0.1807774,7231.544,0.06895,,,,
606.3863,115.0003,109.9938,24.24826,0.07023212,0.2204511,15.8,0.1318554,24.99869,0.06385098,13348.72,1.97E-06,13.34872,0,0.1872007,7488.424,0.06895,,,,
606.6801,114.9956,112.9436,24.47239,0.07210944,0.216678,19,0.1111205,24.99656,0.06384555,13348.71,1.97E-06,13.34871,0,0.1922046,7689.242,0.06895,,,,
606.8949,115.0011,116.8859,24.82564,0.07473972,0.212392,25,0.06267075,25.0345,0.06394246,13348.69,2.19E-06,13.34869,0,0.1992155,7957.639,0.06895,,,,
607.5007,115.0086,121.7123,27.43993,0.0776589,0.2254492,31.6,0.06254925,24.98081,0.06380531,13348.63,2.41E-06,13.34863,0,0.2069965,8286.22,0.06895,,,,
608.3801,114.9996,126.2334,26.50074,0.08063165,0.2099345,39.8,0.180026,25.00812,0.06387505,13348.6,2.7E-06,13.3486,0,0.2149202,8594.019,0.06895,,,,
608.6709,114.9951,128.1776,25.97322,0.08190136,0.2026346,50,0.3933784,25.01662,0.06389678,13348.6,2.7E-06,13.3486,0,0.2183046,8726.382,0.06895,,,,
608.8613,115.0015,135.0997,32.33033,0.08629139,0.2393072,63,0.7296582,25.00706,0.06387237,13348.63,2.41E-06,13.34863,0,0.230006,9197.64,0.06895,,,,
609.1401,114.9996,135.3509,22.10491,0.08642059,0.1633156,79.5,1.283088,24.99803,0.06384928,13348.65,2.26E-06,13.34865,0,0.2303503,9214.741,0,,,,
609.3357,114.9985,136.8548,32.80666,0.08736056,0.2397187,100,2.157467,24.99224,0.0638345,13348.67,2.19E-06,13.34867,0,0.2328558,9317.128,0.06895,,,,
621.107,119.9808,48.14618,11.6506,0.03074006,0.2419838,1,0.08406101,24.99728,0.06384737,13389.9,2.12E-06,13.38989,0,0.08193632,3277.81,0.06895,,,,
622.2527,119.9918,50.23894,12.55871,0.03206842,0.2499796,1.3,0.08769028,24.99118,0.0638318,13390.31,2.63E-06,13.39031,0,0.08547699,3420.286,0.06895,,,,
623.4546,119.9996,52.13907,13.27535,0.03326915,0.2546142,1.6,0.09087157,24.98206,0.0638085,13390.49,9.49E-07,13.39049,0,0.08867751,3549.648,0.06895,,,,
623.8316,119.9958,54.16186,14.01239,0.034587,0.2587133,2,0.09423639,25.00168,0.0638586,13390.52,6.57E-07,13.39052,0,0.09219018,3687.36,0.06895,,,,
624.0753,119.996,56.31489,14.65387,0.03596653,0.260213,2.5,0.09752446,25.00489,0.06386682,13390.51,5.84E-07,13.39051,0,0.09586724,3833.939,0.06895,,,,
625.0774,119.9984,59.00888,15.39924,0.03764628,0.2609648,3.2,0.1012107,24.97781,0.06379766,13390.47,8.76E-07,13.39047,0,0.1003445,4017.347,0.06895,,,,
625.4729,119.994,63.86196,16.47804,0.04077346,0.2580259,5,0.1062192,24.99684,0.06384624,13390.44,1.09E-06,13.39044,0,0.1086799,4347.747,0.06895,,,,
626.6186,119.9954,66.7568,16.97107,0.04258778,0.2542224,6.3,0.107616,24.97694,0.06379544,13390.27,2.26E-06,13.39027,0,0.1135159,4544.828,0.06895,,,,
628.1626,119.9957,69.80097,17.41916,0.04453506,0.2495548,7.9,0.1074422,24.97988,0.06380293,13390.01,8.76E-07,13.39001,0,0.1187063,4752.076,0.06895,,,,
628.5818,119.9954,72.64749,17.73916,0.04640797,0.2441813,10,0.1035245,25.01046,0.06388105,13389.96,1.61E-06,13.38996,0,0.1236984,4945.869,0.06895,,,,
629.1914,119.9948,75.62774,18.03091,0.0482695,0.2384166,12.6,0.09471679,24.98858,0.06382514,13389.81,2.48E-06,13.38981,0,0.1286603,5148.765,0.06895,,,,
629.9872,119.9995,78.59901,18.26768,0.05014162,0.2324161,15.8,0.07882742,24.97647,0.06379422,13389.65,2.92E-07,13.38965,0,0.1336504,5351.05,0.06895,,,,
630.2863,120.0044,80.91656,18.38855,0.05160508,0.2272533,19,0.05848426,24.9692,0.06377568,13389.59,9.49E-07,13.38959,0,0.1375511,5508.83,0.06895,,,,
630.5009,120.0002,83.85222,18.74751,0.05330174,0.2235779,25,0.03541964,24.88722,0.06356628,13389.54,1.24E-06,13.38954,0,0.1420735,5708.691,0.06895,,,,
631.285,120.0062,87.80359,21.32562,0.05611126,0.2428787,31.6,0.1033478,25.02002,0.06390545,13389.38,2.41E-06,13.38939,0,0.1495622,5977.701,0.06895,,,,
632.164,120.0054,91.53224,20.36024,0.05845684,0.222438,39.8,0.2346796,25.00408,0.06386475,13389.23,1.46E-07,13.38923,0,0.1558142,6231.55,0.06895,,,,
632.4545,119.9964,92.51814,19.74517,0.05908325,0.2134194,50,0.4515469,25.00272,0.06386127,13389.21,3.65E-07,13.38921,0,0.1574839,6298.67,0.06895,,,,
632.645,119.9917,98.59242,25.96477,0.06298019,0.2633546,63,0.7900191,25.0098,0.06387934,13389.23,2.92E-07,13.38923,0,0.167871,6712.21,0.06895,,,,
632.9238,119.9936,98.0108,15.92726,0.06258666,0.1625052,79.5,1.345615,25.00101,0.0638569,13389.25,1.46E-07,13.38925,0,0.166822,6672.612,0.06895,,,,
633.1193,119.9932,98.33644,25.9292,0.06278404,0.2636785,100,2.22232,24.99681,0.06384618,13389.26,1.46E-07,13.38926,0,0.1673482,6694.782,0.06895,,,,
644.8801,124.977,18.72596,5.922609,0.01196019,0.316278,1,0.03339158,25.00597,0.06386957,13566.61,1.17E-06,13.56661,0,0.03187937,1274.87,0.06895,,,,
646.0258,124.9936,19.42383,6.182649,0.0124346,0.3183022,1.3,0.0345825,25.06379,0.06401724,13572.03,2.56E-06,13.57203,0,0.03314389,1322.382,0.06895,,,,
647.3965,124.997,20.07575,6.387316,0.01283075,0.3181608,1.6,0.03549202,25.02246,0.06391169,13575.7,1.75E-06,13.5757,0,0.03419981,1366.765,0.06895,,,,
647.8796,124.9959,20.98958,6.663718,0.0134085,0.3174774,2,0.03677184,25.01072,0.06388171,13576.38,5.11E-07,13.57638,0,0.0357398,1428.979,0.06895,,,,
648.2961,124.9897,21.99686,6.910712,0.01404933,0.3141682,2.5,0.03800964,25.00603,0.06386972,13576.74,5.84E-07,13.57674,0,0.03744789,1497.554,0.06895,,,,
650.0053,124.9966,23.29054,7.192859,0.01485272,0.3088318,3.2,0.03927328,24.96755,0.06377144,13576.33,1.02E-06,13.57633,0,0.03958928,1585.629,0.06895,,,,
650.4898,125.0016,25.55125,7.6352,0.01631774,0.298819,5,0.03982144,25.00331,0.0638628,13575.76,1.31E-06,13.57577,0,0.04349424,1739.539,0.06895,,,,
652.1768,124.989,27.14858,7.897705,0.01729527,0.2909067,6.3,0.03907,24.94192,0.06370599,13574.1,1.02E-06,13.5741,0,0.04609981,1848.286,0.06895,,,,
654.0863,125.0009,28.91033,8.172708,0.01841101,0.2826916,7.9,0.03687548,24.93299,0.06368316,13571.67,1.53E-06,13.57167,0,0.04907377,1968.226,0.06895,,,,
654.6021,124.9986,30.35499,8.35745,0.0193504,0.2753237,10,0.0310231,24.95799,0.06374702,13571,8.04E-07,13.571,0,0.05157766,2066.579,0.06895,,,,
655.5806,124.9949,32.01621,8.579972,0.02037785,0.2679883,12.6,0.02198172,24.91944,0.06364856,13570.11,1.31E-06,13.57012,0,0.05431629,2179.676,0.06895,,,,
656.7403,124.9994,33.76272,8.806542,0.02153473,0.2608363,15.8,0.01667987,24.97191,0.06378259,13568.76,1.46E-06,13.56876,0,0.0573999,2298.578,0.06895,,,,
657.0363,124.9981,34.89683,8.919735,0.02231238,0.255603,19,0.033696,25.03282,0.06393814,13568.32,1.39E-06,13.56832,0,0.0594727,2375.79,0.06895,,,,
657.2835,125.0032,36.14648,9.2551,0.02306625,0.2560442,25,0.09340161,24.98392,0.06381328,13567.7,2.56E-06,13.5677,0,0.0614821,2460.866,0.06895,,,,
658.152,125.0024,38.72866,11.9027,0.02474614,0.3073358,31.6,0.1801366,25.01639,0.06389619,13566.4,2.41E-06,13.56641,0,0.06595976,2636.662,0.06895,,,,
659.0313,124.994,41.249,11.09012,0.02634336,0.2688579,39.8,0.3171814,25.00388,0.06386422,13565,1.39E-06,13.565,0,0.07021708,2808.248,0.06895,,,,
659.3224,124.9934,40.88598,10.6896,0.02611402,0.2614489,50,0.5375373,25.00627,0.06387034,13564.69,2.48E-06,13.56469,0,0.06960579,2783.534,0.06895,,,,
659.5128,124.9908,45.53714,16.89445,0.02907636,0.3710038,63,0.8781826,24.99908,0.06385198,13564.56,3.21E-06,13.56456,0,0.0775018,3100.186,0.06895,,,,
659.8282,124.996,43.82488,6.925319,0.02798351,0.1580226,79.5,1.436682,24.99949,0.06385303,13564.28,1.97E-06,13.56428,0,0.07458884,2983.614,0.06895,,,,
660.0237,124.9951,42.45738,17.21535,0.02710867,0.4054738,100,2.316477,24.99797,0.06384914,13564.06,4.38E-07,13.56407,0,0.07225699,2890.514,0.06895,,,,